Iteration;Generation; Max Vehicles; Fitness;  Selection; Crossover; Mutation
0,1,30,653.9534510715424,fps,vrp_xo(cycle_xo),swap_mutation;;;;;;
0,2,30,653.9534510715424,fps,vrp_xo(cycle_xo),swap_mutation;;;;;;
0,3,29,658.8571985796491,fps,vrp_xo(cycle_xo),swap_mutation;;;;;;
0,4,29,661.0599340993012,fps,vrp_xo(cycle_xo),swap_mutation;;;;;;
0,5,27,435.4437155397284,fps,vrp_xo(cycle_xo),swap_mutation;;;;;;
0,6,27,679.5326912465869,fps,vrp_xo(cycle_xo),swap_mutation;;;;;;
0,7,27,651.2158736500866,fps,vrp_xo(cycle_xo),swap_mutation;;;;;;
0,8,27,657.5423848064238,fps,vrp_xo(cycle_xo),swap_mutation;;;;;;
0,9,28,668.0020277730126,fps,vrp_xo(cycle_xo),swap_mutation;;;;;;
0,10,28,673.3517130819432,fps,vrp_xo(cycle_xo),swap_mutation;;;;;;
0,11,27,681.9415114099787,fps,vrp_xo(cycle_xo),swap_mutation;;;;;;
0,12,27,681.9415114099787,fps,vrp_xo(cycle_xo),swap_mutation;;;;;;
0,13,28,668.8939079125607,fps,vrp_xo(cycle_xo),swap_mutation;;;;;;
0,14,28,456.2279556038653,fps,vrp_xo(cycle_xo),swap_mutation;;;;;;
0,15,28,647.2994790084633,fps,vrp_xo(cycle_xo),swap_mutation;;;;;;
0,16,29,671.8058685545946,fps,vrp_xo(cycle_xo),swap_mutation;;;;;;
0,17,26,674.7997575429076,fps,vrp_xo(cycle_xo),swap_mutation;;;;;;
0,18,26,674.7997575429076,fps,vrp_xo(cycle_xo),swap_mutation;;;;;;
0,19,25,649.6451140779877,fps,vrp_xo(cycle_xo),swap_mutation;;;;;;
0,20,25,649.6451140779877,fps,vrp_xo(cycle_xo),swap_mutation;;;;;;
0,21,25,649.6451140779877,fps,vrp_xo(cycle_xo),swap_mutation;;;;;;
0,22,26,672.1440983327135,fps,vrp_xo(cycle_xo),swap_mutation;;;;;;
0,23,26,672.1440983327135,fps,vrp_xo(cycle_xo),swap_mutation;;;;;;
0,24,26,672.1440983327135,fps,vrp_xo(cycle_xo),swap_mutation;;;;;;
0,25,26,685.6201050572321,fps,vrp_xo(cycle_xo),swap_mutation;;;;;;
0,26,26,685.6201050572321,fps,vrp_xo(cycle_xo),swap_mutation;;;;;;
0,27,26,665.1844065835049,fps,vrp_xo(cycle_xo),swap_mutation;;;;;;
0,28,26,665.1844065835049,fps,vrp_xo(cycle_xo),swap_mutation;;;;;;
0,29,26,669.6106737307313,fps,vrp_xo(cycle_xo),swap_mutation;;;;;;
0,30,27,669.8169512905162,fps,vrp_xo(cycle_xo),swap_mutation;;;;;;
0,31,27,441.02208295926744,fps,vrp_xo(cycle_xo),swap_mutation;;;;;;
0,32,26,683.9667595165681,fps,vrp_xo(cycle_xo),swap_mutation;;;;;;
0,33,26,676.2796660520839,fps,vrp_xo(cycle_xo),swap_mutation;;;;;;
0,34,26,653.2161817878787,fps,vrp_xo(cycle_xo),swap_mutation;;;;;;
0,35,26,653.2161817878787,fps,vrp_xo(cycle_xo),swap_mutation;;;;;;
0,36,26,653.2161817878787,fps,vrp_xo(cycle_xo),swap_mutation;;;;;;
0,37,27,669.725891782855,fps,vrp_xo(cycle_xo),swap_mutation;;;;;;
0,38,26,425.0769595165683,fps,vrp_xo(cycle_xo),swap_mutation;;;;;;
0,39,26,683.9667595165681,fps,vrp_xo(cycle_xo),swap_mutation;;;;;;
0,40,26,683.9667595165681,fps,vrp_xo(cycle_xo),swap_mutation;;;;;;
0,41,26,660.0506114842952,fps,vrp_xo(cycle_xo),swap_mutation;;;;;;
0,42,26,683.9667595165681,fps,vrp_xo(cycle_xo),swap_mutation;;;;;;
0,43,26,683.9667595165681,fps,vrp_xo(cycle_xo),swap_mutation;;;;;;
0,44,28,439.1592689670735,fps,vrp_xo(cycle_xo),swap_mutation;;;;;;
0,45,28,693.7187775408537,fps,vrp_xo(cycle_xo),swap_mutation;;;;;;
0,46,28,668.8811791024788,fps,vrp_xo(cycle_xo),swap_mutation;;;;;;
0,47,28,668.8811791024788,fps,vrp_xo(cycle_xo),swap_mutation;;;;;;
0,48,28,668.8811791024788,fps,vrp_xo(cycle_xo),swap_mutation;;;;;;
0,49,28,439.1592689670735,fps,vrp_xo(cycle_xo),swap_mutation;;;;;;
0,50,28,668.8811791024788,fps,vrp_xo(cycle_xo),swap_mutation;;;;;;
1,1,32,503.45025397591877,fps,vrp_xo(cycle_xo),swap_mutation;;;;;;
1,2,30,687.1969186983434,fps,vrp_xo(cycle_xo),swap_mutation;;;;;;
1,3,26,628.6807376061996,fps,vrp_xo(cycle_xo),swap_mutation;;;;;;
1,4,26,628.4835829572298,fps,vrp_xo(cycle_xo),swap_mutation;;;;;;
1,5,31,673.763793343143,fps,vrp_xo(cycle_xo),swap_mutation;;;;;;
1,6,29,662.3695475751786,fps,vrp_xo(cycle_xo),swap_mutation;;;;;;
1,7,29,662.3695475751786,fps,vrp_xo(cycle_xo),swap_mutation;;;;;;
1,8,29,654.4690947119614,fps,vrp_xo(cycle_xo),swap_mutation;;;;;;
1,9,27,501.38110606315865,fps,vrp_xo(cycle_xo),swap_mutation;;;;;;
1,10,27,665.2312166067599,fps,vrp_xo(cycle_xo),swap_mutation;;;;;;
1,11,30,682.5273950219632,fps,vrp_xo(cycle_xo),swap_mutation;;;;;;
1,12,26,416.0888053575808,fps,vrp_xo(cycle_xo),swap_mutation;;;;;;
1,13,28,669.6062305887442,fps,vrp_xo(cycle_xo),swap_mutation;;;;;;
1,14,26,693.2777433186282,fps,vrp_xo(cycle_xo),swap_mutation;;;;;;
1,15,29,664.5102722321554,fps,vrp_xo(cycle_xo),swap_mutation;;;;;;
1,16,26,482.8267551517562,fps,vrp_xo(cycle_xo),swap_mutation;;;;;;
1,17,25,638.7925463239359,fps,vrp_xo(cycle_xo),swap_mutation;;;;;;
1,18,25,638.7925463239359,fps,vrp_xo(cycle_xo),swap_mutation;;;;;;
1,19,29,655.8517623783961,fps,vrp_xo(cycle_xo),swap_mutation;;;;;;
1,20,28,649.1237285637498,fps,vrp_xo(cycle_xo),swap_mutation;;;;;;
1,21,28,649.1237285637498,fps,vrp_xo(cycle_xo),swap_mutation;;;;;;
1,22,28,649.1237285637498,fps,vrp_xo(cycle_xo),swap_mutation;;;;;;
1,23,28,649.1237285637498,fps,vrp_xo(cycle_xo),swap_mutation;;;;;;
1,24,28,649.1237285637498,fps,vrp_xo(cycle_xo),swap_mutation;;;;;;
1,25,28,649.1237285637498,fps,vrp_xo(cycle_xo),swap_mutation;;;;;;
1,26,27,647.9806736435584,fps,vrp_xo(cycle_xo),swap_mutation;;;;;;
1,27,26,625.5414717854651,fps,vrp_xo(cycle_xo),swap_mutation;;;;;;
1,28,26,625.5414717854651,fps,vrp_xo(cycle_xo),swap_mutation;;;;;;
1,29,26,625.5414717854651,fps,vrp_xo(cycle_xo),swap_mutation;;;;;;
1,30,26,625.5414717854651,fps,vrp_xo(cycle_xo),swap_mutation;;;;;;
1,31,26,625.5414717854651,fps,vrp_xo(cycle_xo),swap_mutation;;;;;;
1,32,26,625.5414717854651,fps,vrp_xo(cycle_xo),swap_mutation;;;;;;
1,33,26,625.5414717854651,fps,vrp_xo(cycle_xo),swap_mutation;;;;;;
1,34,26,625.5414717854651,fps,vrp_xo(cycle_xo),swap_mutation;;;;;;
1,35,28,634.851787450945,fps,vrp_xo(cycle_xo),swap_mutation;;;;;;
1,36,28,634.851787450945,fps,vrp_xo(cycle_xo),swap_mutation;;;;;;
1,37,28,649.1237285637498,fps,vrp_xo(cycle_xo),swap_mutation;;;;;;
1,38,28,643.4867902474879,fps,vrp_xo(cycle_xo),swap_mutation;;;;;;
1,39,28,649.1237285637498,fps,vrp_xo(cycle_xo),swap_mutation;;;;;;
1,40,28,640.6271464426331,fps,vrp_xo(cycle_xo),swap_mutation;;;;;;
1,41,28,649.1237285637498,fps,vrp_xo(cycle_xo),swap_mutation;;;;;;
1,42,28,649.1237285637498,fps,vrp_xo(cycle_xo),swap_mutation;;;;;;
1,43,28,649.1237285637498,fps,vrp_xo(cycle_xo),swap_mutation;;;;;;
1,44,28,649.1237285637498,fps,vrp_xo(cycle_xo),swap_mutation;;;;;;
1,45,28,643.6593060067414,fps,vrp_xo(cycle_xo),swap_mutation;;;;;;
1,46,28,631.5481048295162,fps,vrp_xo(cycle_xo),swap_mutation;;;;;;
1,47,27,473.2968541895257,fps,vrp_xo(cycle_xo),swap_mutation;;;;;;
1,48,28,631.5481048295162,fps,vrp_xo(cycle_xo),swap_mutation;;;;;;
1,49,28,631.3879798960983,fps,vrp_xo(cycle_xo),swap_mutation;;;;;;
1,50,28,631.5481048295162,fps,vrp_xo(cycle_xo),swap_mutation;;;;;;
0,1,29,720.3921841491918,fps,vrp_xo(cycle_xo),inversion_mutation;;;;;;
0,2,30,704.3575421806452,fps,vrp_xo(cycle_xo),inversion_mutation;;;;;;
0,3,26,702.0548560246324,fps,vrp_xo(cycle_xo),inversion_mutation;;;;;;
0,4,24,659.9910296408115,fps,vrp_xo(cycle_xo),inversion_mutation;;;;;;
0,5,24,670.9809496260642,fps,vrp_xo(cycle_xo),inversion_mutation;;;;;;
0,6,28,670.1649525141161,fps,vrp_xo(cycle_xo),inversion_mutation;;;;;;
0,7,27,650.065597306554,fps,vrp_xo(cycle_xo),inversion_mutation;;;;;;
0,8,28,662.6492218881052,fps,vrp_xo(cycle_xo),inversion_mutation;;;;;;
0,9,27,663.5962775862631,fps,vrp_xo(cycle_xo),inversion_mutation;;;;;;
0,10,28,664.2127325423044,fps,vrp_xo(cycle_xo),inversion_mutation;;;;;;
0,11,27,603.2545410552235,fps,vrp_xo(cycle_xo),inversion_mutation;;;;;;
0,12,25,587.4945724327838,fps,vrp_xo(cycle_xo),inversion_mutation;;;;;;
0,13,27,603.2545410552235,fps,vrp_xo(cycle_xo),inversion_mutation;;;;;;
0,14,26,583.897425182235,fps,vrp_xo(cycle_xo),inversion_mutation;;;;;;
0,15,26,600.6114634991791,fps,vrp_xo(cycle_xo),inversion_mutation;;;;;;
0,16,27,603.2545410552235,fps,vrp_xo(cycle_xo),inversion_mutation;;;;;;
0,17,27,603.2545410552235,fps,vrp_xo(cycle_xo),inversion_mutation;;;;;;
0,18,27,603.2545410552235,fps,vrp_xo(cycle_xo),inversion_mutation;;;;;;
0,19,27,603.2545410552235,fps,vrp_xo(cycle_xo),inversion_mutation;;;;;;
0,20,27,603.2545410552235,fps,vrp_xo(cycle_xo),inversion_mutation;;;;;;
0,21,27,603.2545410552235,fps,vrp_xo(cycle_xo),inversion_mutation;;;;;;
0,22,27,603.2545410552235,fps,vrp_xo(cycle_xo),inversion_mutation;;;;;;
0,23,27,603.2545410552235,fps,vrp_xo(cycle_xo),inversion_mutation;;;;;;
0,24,27,601.358908159267,fps,vrp_xo(cycle_xo),inversion_mutation;;;;;;
0,25,27,603.2545410552235,fps,vrp_xo(cycle_xo),inversion_mutation;;;;;;
0,26,27,603.2545410552235,fps,vrp_xo(cycle_xo),inversion_mutation;;;;;;
0,27,27,603.2545410552235,fps,vrp_xo(cycle_xo),inversion_mutation;;;;;;
0,28,27,603.2545410552235,fps,vrp_xo(cycle_xo),inversion_mutation;;;;;;
0,29,27,603.2545410552235,fps,vrp_xo(cycle_xo),inversion_mutation;;;;;;
0,30,27,603.2545410552235,fps,vrp_xo(cycle_xo),inversion_mutation;;;;;;
0,31,27,603.2545410552235,fps,vrp_xo(cycle_xo),inversion_mutation;;;;;;
0,32,27,603.2545410552235,fps,vrp_xo(cycle_xo),inversion_mutation;;;;;;
0,33,27,602.8155034067985,fps,vrp_xo(cycle_xo),inversion_mutation;;;;;;
0,34,27,603.2545410552235,fps,vrp_xo(cycle_xo),inversion_mutation;;;;;;
0,35,27,603.2545410552235,fps,vrp_xo(cycle_xo),inversion_mutation;;;;;;
0,36,27,603.2545410552235,fps,vrp_xo(cycle_xo),inversion_mutation;;;;;;
0,37,27,603.2545410552235,fps,vrp_xo(cycle_xo),inversion_mutation;;;;;;
0,38,27,603.2545410552235,fps,vrp_xo(cycle_xo),inversion_mutation;;;;;;
0,39,27,600.9897492742299,fps,vrp_xo(cycle_xo),inversion_mutation;;;;;;
0,40,27,603.2545410552235,fps,vrp_xo(cycle_xo),inversion_mutation;;;;;;
0,41,27,603.2545410552235,fps,vrp_xo(cycle_xo),inversion_mutation;;;;;;
0,42,27,603.2545410552235,fps,vrp_xo(cycle_xo),inversion_mutation;;;;;;
0,43,27,603.2545410552235,fps,vrp_xo(cycle_xo),inversion_mutation;;;;;;
0,44,27,603.2545410552235,fps,vrp_xo(cycle_xo),inversion_mutation;;;;;;
0,45,27,603.2545410552235,fps,vrp_xo(cycle_xo),inversion_mutation;;;;;;
0,46,27,603.2545410552235,fps,vrp_xo(cycle_xo),inversion_mutation;;;;;;
0,47,27,603.2545410552235,fps,vrp_xo(cycle_xo),inversion_mutation;;;;;;
0,48,27,603.2545410552235,fps,vrp_xo(cycle_xo),inversion_mutation;;;;;;
0,49,27,603.2545410552235,fps,vrp_xo(cycle_xo),inversion_mutation;;;;;;
0,50,27,596.7281771741533,fps,vrp_xo(cycle_xo),inversion_mutation;;;;;;
1,1,32,713.9723479804946,fps,vrp_xo(cycle_xo),inversion_mutation;;;;;;
1,2,31,694.0137848996709,fps,vrp_xo(cycle_xo),inversion_mutation;;;;;;
1,3,29,644.6520246570154,fps,vrp_xo(cycle_xo),inversion_mutation;;;;;;
1,4,32,664.228778645707,fps,vrp_xo(cycle_xo),inversion_mutation;;;;;;
1,5,31,646.1156401540997,fps,vrp_xo(cycle_xo),inversion_mutation;;;;;;
1,6,32,667.7260801590706,fps,vrp_xo(cycle_xo),inversion_mutation;;;;;;
1,7,30,699.5267431361898,fps,vrp_xo(cycle_xo),inversion_mutation;;;;;;
1,8,31,696.4283314559917,fps,vrp_xo(cycle_xo),inversion_mutation;;;;;;
1,9,29,667.6321744656211,fps,vrp_xo(cycle_xo),inversion_mutation;;;;;;
1,10,27,669.6568010637365,fps,vrp_xo(cycle_xo),inversion_mutation;;;;;;
1,11,26,640.323424659838,fps,vrp_xo(cycle_xo),inversion_mutation;;;;;;
1,12,25,611.6571352405236,fps,vrp_xo(cycle_xo),inversion_mutation;;;;;;
1,13,25,611.6571352405236,fps,vrp_xo(cycle_xo),inversion_mutation;;;;;;
1,14,25,604.036945832324,fps,vrp_xo(cycle_xo),inversion_mutation;;;;;;
1,15,23,602.6453567361141,fps,vrp_xo(cycle_xo),inversion_mutation;;;;;;
1,16,25,607.4385658493684,fps,vrp_xo(cycle_xo),inversion_mutation;;;;;;
1,17,24,594.8438036544019,fps,vrp_xo(cycle_xo),inversion_mutation;;;;;;
1,18,23,579.0181590210057,fps,vrp_xo(cycle_xo),inversion_mutation;;;;;;
1,19,23,611.8098761927475,fps,vrp_xo(cycle_xo),inversion_mutation;;;;;;
1,20,24,585.9127342139257,fps,vrp_xo(cycle_xo),inversion_mutation;;;;;;
1,21,23,611.8098761927475,fps,vrp_xo(cycle_xo),inversion_mutation;;;;;;
1,22,24,590.4348641562856,fps,vrp_xo(cycle_xo),inversion_mutation;;;;;;
1,23,24,586.6264288881442,fps,vrp_xo(cycle_xo),inversion_mutation;;;;;;
1,24,21,528.3875390041323,fps,vrp_xo(cycle_xo),inversion_mutation;;;;;;
1,25,22,551.2843346815464,fps,vrp_xo(cycle_xo),inversion_mutation;;;;;;
1,26,21,613.6193321906633,fps,vrp_xo(cycle_xo),inversion_mutation;;;;;;
1,27,24,584.4115061495382,fps,vrp_xo(cycle_xo),inversion_mutation;;;;;;
1,28,22,590.7173130531984,fps,vrp_xo(cycle_xo),inversion_mutation;;;;;;
1,29,22,588.6669758121446,fps,vrp_xo(cycle_xo),inversion_mutation;;;;;;
1,30,22,590.7173130531984,fps,vrp_xo(cycle_xo),inversion_mutation;;;;;;
1,31,23,584.4588158893952,fps,vrp_xo(cycle_xo),inversion_mutation;;;;;;
1,32,23,579.5031592344394,fps,vrp_xo(cycle_xo),inversion_mutation;;;;;;
1,33,22,590.7173130531984,fps,vrp_xo(cycle_xo),inversion_mutation;;;;;;
1,34,22,590.7173130531984,fps,vrp_xo(cycle_xo),inversion_mutation;;;;;;
1,35,22,590.7173130531984,fps,vrp_xo(cycle_xo),inversion_mutation;;;;;;
1,36,22,590.7173130531984,fps,vrp_xo(cycle_xo),inversion_mutation;;;;;;
1,37,22,590.7173130531984,fps,vrp_xo(cycle_xo),inversion_mutation;;;;;;
1,38,22,590.7173130531984,fps,vrp_xo(cycle_xo),inversion_mutation;;;;;;
1,39,22,590.7173130531984,fps,vrp_xo(cycle_xo),inversion_mutation;;;;;;
1,40,22,590.7173130531984,fps,vrp_xo(cycle_xo),inversion_mutation;;;;;;
1,41,22,590.7173130531984,fps,vrp_xo(cycle_xo),inversion_mutation;;;;;;
1,42,22,590.7173130531984,fps,vrp_xo(cycle_xo),inversion_mutation;;;;;;
1,43,22,589.3306350996558,fps,vrp_xo(cycle_xo),inversion_mutation;;;;;;
1,44,22,588.3648515785868,fps,vrp_xo(cycle_xo),inversion_mutation;;;;;;
1,45,21,608.1079513616119,fps,vrp_xo(cycle_xo),inversion_mutation;;;;;;
1,46,21,604.0469151533465,fps,vrp_xo(cycle_xo),inversion_mutation;;;;;;
1,47,21,587.7628970636298,fps,vrp_xo(cycle_xo),inversion_mutation;;;;;;
1,48,21,608.1079513616119,fps,vrp_xo(cycle_xo),inversion_mutation;;;;;;
1,49,21,608.1079513616119,fps,vrp_xo(cycle_xo),inversion_mutation;;;;;;
1,50,21,608.1079513616119,fps,vrp_xo(cycle_xo),inversion_mutation;;;;;;
0,1,30,672.213580344206,fps,vrp_xo(pmx),swap_mutation;;;;;;
0,2,26,667.7796940066538,fps,vrp_xo(pmx),swap_mutation;;;;;;
0,3,23,621.3419333593104,fps,vrp_xo(pmx),swap_mutation;;;;;;
0,4,22,549.7549726026201,fps,vrp_xo(pmx),swap_mutation;;;;;;
0,5,24,580.2853736781296,fps,vrp_xo(pmx),swap_mutation;;;;;;
0,6,21,579.6248653345086,fps,vrp_xo(pmx),swap_mutation;;;;;;
0,7,20,522.167749209756,fps,vrp_xo(pmx),swap_mutation;;;;;;
0,8,19,538.9869352668483,fps,vrp_xo(pmx),swap_mutation;;;;;;
0,9,20,519.8985896577251,fps,vrp_xo(pmx),swap_mutation;;;;;;
0,10,19,599.7943093982109,fps,vrp_xo(pmx),swap_mutation;;;;;;
0,11,19,462.12819997374015,fps,vrp_xo(pmx),swap_mutation;;;;;;
0,12,14,523.7341534414585,fps,vrp_xo(pmx),swap_mutation;;;;;;
0,13,14,580.9647371105972,fps,vrp_xo(pmx),swap_mutation;;;;;;
0,14,14,592.5216150583901,fps,vrp_xo(pmx),swap_mutation;;;;;;
0,15,15,623.7370715463228,fps,vrp_xo(pmx),swap_mutation;;;;;;
0,16,12,481.58934439227505,fps,vrp_xo(pmx),swap_mutation;;;;;;
0,17,14,468.1260287111429,fps,vrp_xo(pmx),swap_mutation;;;;;;
0,18,9,478.7632157306346,fps,vrp_xo(pmx),swap_mutation;;;;;;
0,19,10,587.5228660111856,fps,vrp_xo(pmx),swap_mutation;;;;;;
0,20,10,616.2604254907002,fps,vrp_xo(pmx),swap_mutation;;;;;;
0,21,9,493.7104538696418,fps,vrp_xo(pmx),swap_mutation;;;;;;
0,22,8,492.7503285613914,fps,vrp_xo(pmx),swap_mutation;;;;;;
0,23,9,456.6776623734498,fps,vrp_xo(pmx),swap_mutation;;;;;;
0,24,10,483.0680342584978,fps,vrp_xo(pmx),swap_mutation;;;;;;
0,25,5,436.48848069612296,fps,vrp_xo(pmx),swap_mutation;;;;;;
0,26,5,407.797983421383,fps,vrp_xo(pmx),swap_mutation;;;;;;
0,27,4,384.13704261091885,fps,vrp_xo(pmx),swap_mutation;;;;;;
0,28,5,420.2953657839879,fps,vrp_xo(pmx),swap_mutation;;;;;;
0,29,5,441.386021082615,fps,vrp_xo(pmx),swap_mutation;;;;;;
0,30,5,448.7893622295306,fps,vrp_xo(pmx),swap_mutation;;;;;;
0,31,4,337.4487834039936,fps,vrp_xo(pmx),swap_mutation;;;;;;
0,32,4,345.32552284861345,fps,vrp_xo(pmx),swap_mutation;;;;;;
0,33,4,345.32552284861345,fps,vrp_xo(pmx),swap_mutation;;;;;;
0,34,3,290.46511817590226,fps,vrp_xo(pmx),swap_mutation;;;;;;
0,35,3,288.35691414751983,fps,vrp_xo(pmx),swap_mutation;;;;;;
0,36,3,274.15745728580987,fps,vrp_xo(pmx),swap_mutation;;;;;;
0,37,2,215.02340936637756,fps,vrp_xo(pmx),swap_mutation;;;;;;
0,38,2,216.59211113788209,fps,vrp_xo(pmx),swap_mutation;;;;;;
0,39,2,213.40786087600927,fps,vrp_xo(pmx),swap_mutation;;;;;;
0,40,2,205.445160947742,fps,vrp_xo(pmx),swap_mutation;;;;;;
0,41,2,208.21861247484316,fps,vrp_xo(pmx),swap_mutation;;;;;;
0,42,2,208.89085250392745,fps,vrp_xo(pmx),swap_mutation;;;;;;
0,43,2,208.86433187642865,fps,vrp_xo(pmx),swap_mutation;;;;;;
0,44,2,202.09389442701973,fps,vrp_xo(pmx),swap_mutation;;;;;;
0,45,2,202.82676197726488,fps,vrp_xo(pmx),swap_mutation;;;;;;
0,46,2,206.30432581574217,fps,vrp_xo(pmx),swap_mutation;;;;;;
0,47,2,206.30432581574217,fps,vrp_xo(pmx),swap_mutation;;;;;;
0,48,2,203.95433655964624,fps,vrp_xo(pmx),swap_mutation;;;;;;
0,49,2,200.11965096664017,fps,vrp_xo(pmx),swap_mutation;;;;;;
0,50,2,200.04287028503177,fps,vrp_xo(pmx),swap_mutation;;;;;;
1,1,26,640.4647907105361,fps,vrp_xo(pmx),swap_mutation;;;;;;
1,2,27,412.52651982251524,fps,vrp_xo(pmx),swap_mutation;;;;;;
1,3,23,626.463328906731,fps,vrp_xo(pmx),swap_mutation;;;;;;
1,4,23,631.5769751676958,fps,vrp_xo(pmx),swap_mutation;;;;;;
1,5,24,629.1238722762712,fps,vrp_xo(pmx),swap_mutation;;;;;;
1,6,26,619.5744315515567,fps,vrp_xo(pmx),swap_mutation;;;;;;
1,7,24,619.0452527895286,fps,vrp_xo(pmx),swap_mutation;;;;;;
1,8,23,584.5677527735589,fps,vrp_xo(pmx),swap_mutation;;;;;;
1,9,18,492.5735536951961,fps,vrp_xo(pmx),swap_mutation;;;;;;
1,10,21,496.50420093926556,fps,vrp_xo(pmx),swap_mutation;;;;;;
1,11,20,583.2996857521424,fps,vrp_xo(pmx),swap_mutation;;;;;;
1,12,12,548.3102528003333,fps,vrp_xo(pmx),swap_mutation;;;;;;
1,13,21,597.4306727757103,fps,vrp_xo(pmx),swap_mutation;;;;;;
1,14,18,576.2478254384238,fps,vrp_xo(pmx),swap_mutation;;;;;;
1,15,18,594.5558849000172,fps,vrp_xo(pmx),swap_mutation;;;;;;
1,16,17,604.4188772019072,fps,vrp_xo(pmx),swap_mutation;;;;;;
1,17,16,609.6785725668086,fps,vrp_xo(pmx),swap_mutation;;;;;;
1,18,18,560.4965800443157,fps,vrp_xo(pmx),swap_mutation;;;;;;
1,19,15,506.97642558490355,fps,vrp_xo(pmx),swap_mutation;;;;;;
1,20,10,469.092911513002,fps,vrp_xo(pmx),swap_mutation;;;;;;
1,21,13,516.3914151923921,fps,vrp_xo(pmx),swap_mutation;;;;;;
1,22,13,443.66497471301966,fps,vrp_xo(pmx),swap_mutation;;;;;;
1,23,14,488.3474231804367,fps,vrp_xo(pmx),swap_mutation;;;;;;
1,24,13,457.6453059269511,fps,vrp_xo(pmx),swap_mutation;;;;;;
1,25,12,552.2924063418409,fps,vrp_xo(pmx),swap_mutation;;;;;;
1,26,12,484.86198743685077,fps,vrp_xo(pmx),swap_mutation;;;;;;
1,27,10,594.9851461126118,fps,vrp_xo(pmx),swap_mutation;;;;;;
1,28,5,452.5282373738154,fps,vrp_xo(pmx),swap_mutation;;;;;;
1,29,4,426.95563586278405,fps,vrp_xo(pmx),swap_mutation;;;;;;
1,30,3,343.65045879183464,fps,vrp_xo(pmx),swap_mutation;;;;;;
1,31,3,327.69065773037795,fps,vrp_xo(pmx),swap_mutation;;;;;;
1,32,3,335.31380407302305,fps,vrp_xo(pmx),swap_mutation;;;;;;
1,33,4,333.8056759015826,fps,vrp_xo(pmx),swap_mutation;;;;;;
1,34,3,286.95444929573455,fps,vrp_xo(pmx),swap_mutation;;;;;;
1,35,3,272.48525713080505,fps,vrp_xo(pmx),swap_mutation;;;;;;
1,36,1,105.69388577003319,fps,vrp_xo(pmx),swap_mutation;;;;;;
1,37,1,104.20715002649824,fps,vrp_xo(pmx),swap_mutation;;;;;;
1,38,1,105.69034240362828,fps,vrp_xo(pmx),swap_mutation;;;;;;
1,39,1,103.7680018917937,fps,vrp_xo(pmx),swap_mutation;;;;;;
1,40,1,100.26709345371931,fps,vrp_xo(pmx),swap_mutation;;;;;;
1,41,1,94.96544267837385,fps,vrp_xo(pmx),swap_mutation;;;;;;
1,42,1,94.96544267837385,fps,vrp_xo(pmx),swap_mutation;;;;;;
1,43,1,94.96544267837385,fps,vrp_xo(pmx),swap_mutation;;;;;;
1,44,1,97.05422632154941,fps,vrp_xo(pmx),swap_mutation;;;;;;
1,45,1,97.14258173852102,fps,vrp_xo(pmx),swap_mutation;;;;;;
1,46,1,101.8353597930591,fps,vrp_xo(pmx),swap_mutation;;;;;;
1,47,1,101.17334249640811,fps,vrp_xo(pmx),swap_mutation;;;;;;
1,48,1,99.06598940305945,fps,vrp_xo(pmx),swap_mutation;;;;;;
1,49,1,100.92350987406273,fps,vrp_xo(pmx),swap_mutation;;;;;;
1,50,1,102.31450444707694,fps,vrp_xo(pmx),swap_mutation;;;;;;
0,1,31,703.1162764284776,fps,vrp_xo(pmx),inversion_mutation;;;;;;
0,2,32,770.9259860014334,fps,vrp_xo(pmx),inversion_mutation;;;;;;
0,3,29,715.1288070468995,fps,vrp_xo(pmx),inversion_mutation;;;;;;
0,4,23,595.0986764001044,fps,vrp_xo(pmx),inversion_mutation;;;;;;
0,5,23,430.6320261893217,fps,vrp_xo(pmx),inversion_mutation;;;;;;
0,6,20,508.58042076632466,fps,vrp_xo(pmx),inversion_mutation;;;;;;
0,7,25,394.6066816380682,fps,vrp_xo(pmx),inversion_mutation;;;;;;
0,8,19,606.6383886076239,fps,vrp_xo(pmx),inversion_mutation;;;;;;
0,9,18,548.3574324213909,fps,vrp_xo(pmx),inversion_mutation;;;;;;
0,10,20,586.3575716642811,fps,vrp_xo(pmx),inversion_mutation;;;;;;
0,11,19,527.1592578865582,fps,vrp_xo(pmx),inversion_mutation;;;;;;
0,12,23,472.9695705072885,fps,vrp_xo(pmx),inversion_mutation;;;;;;
0,13,21,515.7681504849509,fps,vrp_xo(pmx),inversion_mutation;;;;;;
0,14,15,437.7635707083786,fps,vrp_xo(pmx),inversion_mutation;;;;;;
0,15,15,498.09023179310606,fps,vrp_xo(pmx),inversion_mutation;;;;;;
0,16,14,485.1447655357234,fps,vrp_xo(pmx),inversion_mutation;;;;;;
0,17,15,547.4718511569679,fps,vrp_xo(pmx),inversion_mutation;;;;;;
0,18,17,613.6693388002469,fps,vrp_xo(pmx),inversion_mutation;;;;;;
0,19,11,505.98000110088924,fps,vrp_xo(pmx),inversion_mutation;;;;;;
0,20,12,579.8584105984261,fps,vrp_xo(pmx),inversion_mutation;;;;;;
0,21,12,572.9402953705318,fps,vrp_xo(pmx),inversion_mutation;;;;;;
0,22,11,450.01187945326114,fps,vrp_xo(pmx),inversion_mutation;;;;;;
0,23,9,490.3362027255785,fps,vrp_xo(pmx),inversion_mutation;;;;;;
0,24,9,496.23149800849876,fps,vrp_xo(pmx),inversion_mutation;;;;;;
0,25,9,635.3887116281346,fps,vrp_xo(pmx),inversion_mutation;;;;;;
0,26,9,627.2918148117888,fps,vrp_xo(pmx),inversion_mutation;;;;;;
0,27,11,575.1495643432017,fps,vrp_xo(pmx),inversion_mutation;;;;;;
0,28,8,504.5391912856944,fps,vrp_xo(pmx),inversion_mutation;;;;;;
0,29,9,522.6706980817365,fps,vrp_xo(pmx),inversion_mutation;;;;;;
0,30,7,565.9983729649709,fps,vrp_xo(pmx),inversion_mutation;;;;;;
0,31,7,611.7825443989052,fps,vrp_xo(pmx),inversion_mutation;;;;;;
0,32,7,535.2064061891731,fps,vrp_xo(pmx),inversion_mutation;;;;;;
0,33,7,539.5472572378537,fps,vrp_xo(pmx),inversion_mutation;;;;;;
0,34,5,525.9958998696859,fps,vrp_xo(pmx),inversion_mutation;;;;;;
0,35,6,394.8808992497912,fps,vrp_xo(pmx),inversion_mutation;;;;;;
0,36,6,444.0212737836512,fps,vrp_xo(pmx),inversion_mutation;;;;;;
0,37,8,483.8006846597894,fps,vrp_xo(pmx),inversion_mutation;;;;;;
0,38,8,507.75662256401307,fps,vrp_xo(pmx),inversion_mutation;;;;;;
0,39,6,510.1145148063116,fps,vrp_xo(pmx),inversion_mutation;;;;;;
0,40,5,536.7785160767193,fps,vrp_xo(pmx),inversion_mutation;;;;;;
0,41,6,526.6432857674647,fps,vrp_xo(pmx),inversion_mutation;;;;;;
0,42,6,523.1402003051301,fps,vrp_xo(pmx),inversion_mutation;;;;;;
0,43,4,473.5624151453848,fps,vrp_xo(pmx),inversion_mutation;;;;;;
0,44,4,304.49170796264144,fps,vrp_xo(pmx),inversion_mutation;;;;;;
0,45,3,311.83501039247426,fps,vrp_xo(pmx),inversion_mutation;;;;;;
0,46,4,316.5926106474267,fps,vrp_xo(pmx),inversion_mutation;;;;;;
0,47,3,301.13002837616864,fps,vrp_xo(pmx),inversion_mutation;;;;;;
0,48,4,299.3897566895501,fps,vrp_xo(pmx),inversion_mutation;;;;;;
0,49,3,325.81561423356715,fps,vrp_xo(pmx),inversion_mutation;;;;;;
0,50,2,244.787357665669,fps,vrp_xo(pmx),inversion_mutation;;;;;;
1,1,27,662.9572353657925,fps,vrp_xo(pmx),inversion_mutation;;;;;;
1,2,23,644.1337083604242,fps,vrp_xo(pmx),inversion_mutation;;;;;;
1,3,22,585.7643886709807,fps,vrp_xo(pmx),inversion_mutation;;;;;;
1,4,21,552.3269880522166,fps,vrp_xo(pmx),inversion_mutation;;;;;;
1,5,22,587.7071511927664,fps,vrp_xo(pmx),inversion_mutation;;;;;;
1,6,18,561.6422551748517,fps,vrp_xo(pmx),inversion_mutation;;;;;;
1,7,18,649.6411100448905,fps,vrp_xo(pmx),inversion_mutation;;;;;;
1,8,17,620.3672004102742,fps,vrp_xo(pmx),inversion_mutation;;;;;;
1,9,15,476.5163335580823,fps,vrp_xo(pmx),inversion_mutation;;;;;;
1,10,17,502.84313375202964,fps,vrp_xo(pmx),inversion_mutation;;;;;;
1,11,14,598.9674698284351,fps,vrp_xo(pmx),inversion_mutation;;;;;;
1,12,13,623.4269798532113,fps,vrp_xo(pmx),inversion_mutation;;;;;;
1,13,13,602.043573328772,fps,vrp_xo(pmx),inversion_mutation;;;;;;
1,14,13,575.6181950034304,fps,vrp_xo(pmx),inversion_mutation;;;;;;
1,15,13,537.7466162788127,fps,vrp_xo(pmx),inversion_mutation;;;;;;
1,16,13,618.4075107961518,fps,vrp_xo(pmx),inversion_mutation;;;;;;
1,17,13,616.1077151971451,fps,vrp_xo(pmx),inversion_mutation;;;;;;
1,18,12,539.2914510723484,fps,vrp_xo(pmx),inversion_mutation;;;;;;
1,19,11,486.6061426520371,fps,vrp_xo(pmx),inversion_mutation;;;;;;
1,20,10,512.387059839763,fps,vrp_xo(pmx),inversion_mutation;;;;;;
1,21,9,579.3339356026396,fps,vrp_xo(pmx),inversion_mutation;;;;;;
1,22,7,481.99529511348453,fps,vrp_xo(pmx),inversion_mutation;;;;;;
1,23,7,492.6428716067125,fps,vrp_xo(pmx),inversion_mutation;;;;;;
1,24,7,492.6428716067125,fps,vrp_xo(pmx),inversion_mutation;;;;;;
1,25,7,492.6428716067125,fps,vrp_xo(pmx),inversion_mutation;;;;;;
1,26,6,444.1213682559615,fps,vrp_xo(pmx),inversion_mutation;;;;;;
1,27,6,425.96024406515716,fps,vrp_xo(pmx),inversion_mutation;;;;;;
1,28,6,436.2630859868557,fps,vrp_xo(pmx),inversion_mutation;;;;;;
1,29,5,389.42116004738295,fps,vrp_xo(pmx),inversion_mutation;;;;;;
1,30,5,429.56110812679486,fps,vrp_xo(pmx),inversion_mutation;;;;;;
1,31,6,466.6595615072852,fps,vrp_xo(pmx),inversion_mutation;;;;;;
1,32,5,508.0989291834107,fps,vrp_xo(pmx),inversion_mutation;;;;;;
1,33,5,440.1124092416412,fps,vrp_xo(pmx),inversion_mutation;;;;;;
1,34,3,339.80973726641116,fps,vrp_xo(pmx),inversion_mutation;;;;;;
1,35,3,337.63803794396784,fps,vrp_xo(pmx),inversion_mutation;;;;;;
1,36,4,372.19061531751885,fps,vrp_xo(pmx),inversion_mutation;;;;;;
1,37,5,380.43417754506027,fps,vrp_xo(pmx),inversion_mutation;;;;;;
1,38,5,364.56619696516054,fps,vrp_xo(pmx),inversion_mutation;;;;;;
1,39,5,330.73653791368736,fps,vrp_xo(pmx),inversion_mutation;;;;;;
1,40,5,380.00919944261574,fps,vrp_xo(pmx),inversion_mutation;;;;;;
1,41,5,431.48224100481605,fps,vrp_xo(pmx),inversion_mutation;;;;;;
1,42,4,426.2952512947158,fps,vrp_xo(pmx),inversion_mutation;;;;;;
1,43,2,234.7832421338526,fps,vrp_xo(pmx),inversion_mutation;;;;;;
1,44,2,233.78291962121915,fps,vrp_xo(pmx),inversion_mutation;;;;;;
1,45,1,158.79705933042078,fps,vrp_xo(pmx),inversion_mutation;;;;;;
1,46,1,171.9839749037118,fps,vrp_xo(pmx),inversion_mutation;;;;;;
1,47,1,123.07629046091093,fps,vrp_xo(pmx),inversion_mutation;;;;;;
1,48,1,132.15283050214197,fps,vrp_xo(pmx),inversion_mutation;;;;;;
1,49,1,133.43824566464488,fps,vrp_xo(pmx),inversion_mutation;;;;;;
1,50,1,134.0638295847869,fps,vrp_xo(pmx),inversion_mutation;;;;;;
0,1,29,686.8061694809535,fps,vrp_xo(single_point_xo),swap_mutation;;;;;;
0,2,32,731.7511218332078,fps,vrp_xo(single_point_xo),swap_mutation;;;;;;
0,3,28,794.4917452569799,fps,vrp_xo(single_point_xo),swap_mutation;;;;;;
0,4,30,426.527822135752,fps,vrp_xo(single_point_xo),swap_mutation;;;;;;
0,5,28,687.7835750933135,fps,vrp_xo(single_point_xo),swap_mutation;;;;;;
0,6,33,503.87184935342896,fps,vrp_xo(single_point_xo),swap_mutation;;;;;;
0,7,24,649.6624154129473,fps,vrp_xo(single_point_xo),swap_mutation;;;;;;
0,8,30,513.6115242054393,fps,vrp_xo(single_point_xo),swap_mutation;;;;;;
0,9,27,464.11155276883187,fps,vrp_xo(single_point_xo),swap_mutation;;;;;;
0,10,27,464.11155276883187,fps,vrp_xo(single_point_xo),swap_mutation;;;;;;
0,11,26,454.363085818448,fps,vrp_xo(single_point_xo),swap_mutation;;;;;;
0,12,24,389.5979513064262,fps,vrp_xo(single_point_xo),swap_mutation;;;;;;
0,13,26,666.7348568937106,fps,vrp_xo(single_point_xo),swap_mutation;;;;;;
0,14,24,653.2930892379422,fps,vrp_xo(single_point_xo),swap_mutation;;;;;;
0,15,23,481.19516579842775,fps,vrp_xo(single_point_xo),swap_mutation;;;;;;
0,16,25,666.2132549625393,fps,vrp_xo(single_point_xo),swap_mutation;;;;;;
0,17,24,466.93754516751216,fps,vrp_xo(single_point_xo),swap_mutation;;;;;;
0,18,25,450.6512169919695,fps,vrp_xo(single_point_xo),swap_mutation;;;;;;
0,19,24,668.0199597180022,fps,vrp_xo(single_point_xo),swap_mutation;;;;;;
0,20,23,469.40947813770305,fps,vrp_xo(single_point_xo),swap_mutation;;;;;;
0,21,23,641.4775654795644,fps,vrp_xo(single_point_xo),swap_mutation;;;;;;
0,22,21,611.9152118307262,fps,vrp_xo(single_point_xo),swap_mutation;;;;;;
0,23,21,390.7014420212549,fps,vrp_xo(single_point_xo),swap_mutation;;;;;;
0,24,21,599.8047420212549,fps,vrp_xo(single_point_xo),swap_mutation;;;;;;
0,25,20,550.2587319225203,fps,vrp_xo(single_point_xo),swap_mutation;;;;;;
0,26,23,418.49695646300916,fps,vrp_xo(single_point_xo),swap_mutation;;;;;;
0,27,20,544.0905511191644,fps,vrp_xo(single_point_xo),swap_mutation;;;;;;
0,28,19,520.2518893252573,fps,vrp_xo(single_point_xo),swap_mutation;;;;;;
0,29,18,419.91042110215454,fps,vrp_xo(single_point_xo),swap_mutation;;;;;;
0,30,18,528.9334007491044,fps,vrp_xo(single_point_xo),swap_mutation;;;;;;
0,31,18,521.0848073096319,fps,vrp_xo(single_point_xo),swap_mutation;;;;;;
0,32,18,354.2199530638482,fps,vrp_xo(single_point_xo),swap_mutation;;;;;;
0,33,18,355.21952569994687,fps,vrp_xo(single_point_xo),swap_mutation;;;;;;
0,34,18,523.7615362324441,fps,vrp_xo(single_point_xo),swap_mutation;;;;;;
0,35,17,505.21491300660773,fps,vrp_xo(single_point_xo),swap_mutation;;;;;;
0,36,18,353.8808663065773,fps,vrp_xo(single_point_xo),swap_mutation;;;;;;
0,37,18,350.2330156891913,fps,vrp_xo(single_point_xo),swap_mutation;;;;;;
0,38,18,529.4644156891912,fps,vrp_xo(single_point_xo),swap_mutation;;;;;;
0,39,18,352.7240939863836,fps,vrp_xo(single_point_xo),swap_mutation;;;;;;
0,40,18,526.0472337501681,fps,vrp_xo(single_point_xo),swap_mutation;;;;;;
0,41,18,351.18220748790276,fps,vrp_xo(single_point_xo),swap_mutation;;;;;;
0,42,18,528.9302378203988,fps,vrp_xo(single_point_xo),swap_mutation;;;;;;
0,43,18,530.6906864479957,fps,vrp_xo(single_point_xo),swap_mutation;;;;;;
0,44,19,525.4514521203753,fps,vrp_xo(single_point_xo),swap_mutation;;;;;;
0,45,19,360.3780498440438,fps,vrp_xo(single_point_xo),swap_mutation;;;;;;
0,46,18,536.024416169408,fps,vrp_xo(single_point_xo),swap_mutation;;;;;;
0,47,18,520.5538656800848,fps,vrp_xo(single_point_xo),swap_mutation;;;;;;
0,48,18,520.2483111835043,fps,vrp_xo(single_point_xo),swap_mutation;;;;;;
0,49,18,514.8366221068204,fps,vrp_xo(single_point_xo),swap_mutation;;;;;;
0,50,20,380.8940588955124,fps,vrp_xo(single_point_xo),swap_mutation;;;;;;
1,1,30,678.3653264099465,fps,vrp_xo(single_point_xo),swap_mutation;;;;;;
1,2,30,708.202544447843,fps,vrp_xo(single_point_xo),swap_mutation;;;;;;
1,3,30,490.33608323387807,fps,vrp_xo(single_point_xo),swap_mutation;;;;;;
1,4,29,661.5626030540849,fps,vrp_xo(single_point_xo),swap_mutation;;;;;;
1,5,31,399.47087507768526,fps,vrp_xo(single_point_xo),swap_mutation;;;;;;
1,6,30,433.2606083588743,fps,vrp_xo(single_point_xo),swap_mutation;;;;;;
1,7,30,399.5163274054742,fps,vrp_xo(single_point_xo),swap_mutation;;;;;;
1,8,28,630.4459645554737,fps,vrp_xo(single_point_xo),swap_mutation;;;;;;
1,9,27,622.4361175663848,fps,vrp_xo(single_point_xo),swap_mutation;;;;;;
1,10,30,405.6025940753524,fps,vrp_xo(single_point_xo),swap_mutation;;;;;;
1,11,26,606.4309647763959,fps,vrp_xo(single_point_xo),swap_mutation;;;;;;
1,12,31,375.4136702485242,fps,vrp_xo(single_point_xo),swap_mutation;;;;;;
1,13,26,563.4662575802754,fps,vrp_xo(single_point_xo),swap_mutation;;;;;;
1,14,26,583.708113136091,fps,vrp_xo(single_point_xo),swap_mutation;;;;;;
1,15,25,552.6024189581561,fps,vrp_xo(single_point_xo),swap_mutation;;;;;;
1,16,24,292.9065448590191,fps,vrp_xo(single_point_xo),swap_mutation;;;;;;
1,17,24,537.272344892339,fps,vrp_xo(single_point_xo),swap_mutation;;;;;;
1,18,24,533.1780654033435,fps,vrp_xo(single_point_xo),swap_mutation;;;;;;
1,19,25,315.28076953886665,fps,vrp_xo(single_point_xo),swap_mutation;;;;;;
1,20,25,543.1827333476471,fps,vrp_xo(single_point_xo),swap_mutation;;;;;;
1,21,25,536.1731440410742,fps,vrp_xo(single_point_xo),swap_mutation;;;;;;
1,22,25,535.2530758393816,fps,vrp_xo(single_point_xo),swap_mutation;;;;;;
1,23,25,535.2192340305337,fps,vrp_xo(single_point_xo),swap_mutation;;;;;;
1,24,25,535.2192340305337,fps,vrp_xo(single_point_xo),swap_mutation;;;;;;
1,25,25,535.2192340305337,fps,vrp_xo(single_point_xo),swap_mutation;;;;;;
1,26,26,309.36940375215283,fps,vrp_xo(single_point_xo),swap_mutation;;;;;;
1,27,25,551.1815304771941,fps,vrp_xo(single_point_xo),swap_mutation;;;;;;
1,28,25,535.7746830673242,fps,vrp_xo(single_point_xo),swap_mutation;;;;;;
1,29,24,535.6804937623058,fps,vrp_xo(single_point_xo),swap_mutation;;;;;;
1,30,24,535.6804937623058,fps,vrp_xo(single_point_xo),swap_mutation;;;;;;
1,31,23,545.4301810900316,fps,vrp_xo(single_point_xo),swap_mutation;;;;;;
1,32,23,550.0388136510453,fps,vrp_xo(single_point_xo),swap_mutation;;;;;;
1,33,23,550.6719869773202,fps,vrp_xo(single_point_xo),swap_mutation;;;;;;
1,34,23,550.6719869773202,fps,vrp_xo(single_point_xo),swap_mutation;;;;;;
1,35,23,550.6719869773202,fps,vrp_xo(single_point_xo),swap_mutation;;;;;;
1,36,23,550.6719869773202,fps,vrp_xo(single_point_xo),swap_mutation;;;;;;
1,37,23,556.7324909559054,fps,vrp_xo(single_point_xo),swap_mutation;;;;;;
1,38,24,565.8804245058371,fps,vrp_xo(single_point_xo),swap_mutation;;;;;;
1,39,24,567.518321570522,fps,vrp_xo(single_point_xo),swap_mutation;;;;;;
1,40,24,574.8671803274281,fps,vrp_xo(single_point_xo),swap_mutation;;;;;;
1,41,24,570.8587951444416,fps,vrp_xo(single_point_xo),swap_mutation;;;;;;
1,42,24,557.7155015088722,fps,vrp_xo(single_point_xo),swap_mutation;;;;;;
1,43,24,557.7155015088722,fps,vrp_xo(single_point_xo),swap_mutation;;;;;;
1,44,24,557.878985143985,fps,vrp_xo(single_point_xo),swap_mutation;;;;;;
1,45,24,549.4247835901596,fps,vrp_xo(single_point_xo),swap_mutation;;;;;;
1,46,23,540.2834770414269,fps,vrp_xo(single_point_xo),swap_mutation;;;;;;
1,47,23,529.5653588689129,fps,vrp_xo(single_point_xo),swap_mutation;;;;;;
1,48,23,529.5735289134249,fps,vrp_xo(single_point_xo),swap_mutation;;;;;;
1,49,24,561.4627726708248,fps,vrp_xo(single_point_xo),swap_mutation;;;;;;
1,50,24,561.4627726708248,fps,vrp_xo(single_point_xo),swap_mutation;;;;;;
0,1,39,641.6217904942285,fps,vrp_xo(single_point_xo),inversion_mutation;;;;;;
0,2,28,691.0486254637772,fps,vrp_xo(single_point_xo),inversion_mutation;;;;;;
0,3,30,469.66736047569265,fps,vrp_xo(single_point_xo),inversion_mutation;;;;;;
0,4,30,469.95787594821684,fps,vrp_xo(single_point_xo),inversion_mutation;;;;;;
0,5,28,488.5380329854059,fps,vrp_xo(single_point_xo),inversion_mutation;;;;;;
0,6,29,608.0669509829593,fps,vrp_xo(single_point_xo),inversion_mutation;;;;;;
0,7,26,735.5795593547319,fps,vrp_xo(single_point_xo),inversion_mutation;;;;;;
0,8,24,714.0623716009084,fps,vrp_xo(single_point_xo),inversion_mutation;;;;;;
0,9,22,667.3352002084481,fps,vrp_xo(single_point_xo),inversion_mutation;;;;;;
0,10,25,716.2139276989998,fps,vrp_xo(single_point_xo),inversion_mutation;;;;;;
0,11,28,470.89272841938435,fps,vrp_xo(single_point_xo),inversion_mutation;;;;;;
0,12,25,696.8973266726117,fps,vrp_xo(single_point_xo),inversion_mutation;;;;;;
0,13,25,668.3441874107824,fps,vrp_xo(single_point_xo),inversion_mutation;;;;;;
0,14,21,592.4824265898235,fps,vrp_xo(single_point_xo),inversion_mutation;;;;;;
0,15,24,662.4424511126329,fps,vrp_xo(single_point_xo),inversion_mutation;;;;;;
0,16,24,634.7547204472198,fps,vrp_xo(single_point_xo),inversion_mutation;;;;;;
0,17,24,631.5980806762668,fps,vrp_xo(single_point_xo),inversion_mutation;;;;;;
0,18,24,631.9570294729097,fps,vrp_xo(single_point_xo),inversion_mutation;;;;;;
0,19,22,559.3031838185028,fps,vrp_xo(single_point_xo),inversion_mutation;;;;;;
0,20,25,392.3822954971969,fps,vrp_xo(single_point_xo),inversion_mutation;;;;;;
0,21,21,567.1481390703896,fps,vrp_xo(single_point_xo),inversion_mutation;;;;;;
0,22,22,580.7883274880993,fps,vrp_xo(single_point_xo),inversion_mutation;;;;;;
0,23,21,554.7639074450707,fps,vrp_xo(single_point_xo),inversion_mutation;;;;;;
0,24,21,571.3875947347134,fps,vrp_xo(single_point_xo),inversion_mutation;;;;;;
0,25,21,571.3875947347134,fps,vrp_xo(single_point_xo),inversion_mutation;;;;;;
0,26,21,571.3875947347134,fps,vrp_xo(single_point_xo),inversion_mutation;;;;;;
0,27,20,501.55671507387893,fps,vrp_xo(single_point_xo),inversion_mutation;;;;;;
0,28,21,571.3875947347134,fps,vrp_xo(single_point_xo),inversion_mutation;;;;;;
0,29,18,562.51933891388,fps,vrp_xo(single_point_xo),inversion_mutation;;;;;;
0,30,21,568.481625045111,fps,vrp_xo(single_point_xo),inversion_mutation;;;;;;
0,31,21,568.811196366981,fps,vrp_xo(single_point_xo),inversion_mutation;;;;;;
0,32,21,566.9709151326567,fps,vrp_xo(single_point_xo),inversion_mutation;;;;;;
0,33,19,586.5628031819713,fps,vrp_xo(single_point_xo),inversion_mutation;;;;;;
0,34,19,579.0032531731817,fps,vrp_xo(single_point_xo),inversion_mutation;;;;;;
0,35,19,585.477507612647,fps,vrp_xo(single_point_xo),inversion_mutation;;;;;;
0,36,19,583.4575024783255,fps,vrp_xo(single_point_xo),inversion_mutation;;;;;;
0,37,19,542.2660173550018,fps,vrp_xo(single_point_xo),inversion_mutation;;;;;;
0,38,18,553.724755626856,fps,vrp_xo(single_point_xo),inversion_mutation;;;;;;
0,39,18,540.9757819327476,fps,vrp_xo(single_point_xo),inversion_mutation;;;;;;
0,40,18,555.6811806450736,fps,vrp_xo(single_point_xo),inversion_mutation;;;;;;
0,41,20,410.099389186352,fps,vrp_xo(single_point_xo),inversion_mutation;;;;;;
0,42,18,551.5083158171434,fps,vrp_xo(single_point_xo),inversion_mutation;;;;;;
0,43,18,549.6312559759913,fps,vrp_xo(single_point_xo),inversion_mutation;;;;;;
0,44,18,558.3898512502224,fps,vrp_xo(single_point_xo),inversion_mutation;;;;;;
0,45,17,526.7849637866826,fps,vrp_xo(single_point_xo),inversion_mutation;;;;;;
0,46,17,527.832343162781,fps,vrp_xo(single_point_xo),inversion_mutation;;;;;;
0,47,17,533.072978102737,fps,vrp_xo(single_point_xo),inversion_mutation;;;;;;
0,48,17,535.670841066599,fps,vrp_xo(single_point_xo),inversion_mutation;;;;;;
0,49,17,538.5504550970677,fps,vrp_xo(single_point_xo),inversion_mutation;;;;;;
0,50,18,547.5943791140755,fps,vrp_xo(single_point_xo),inversion_mutation;;;;;;
1,1,33,594.3854153956978,fps,vrp_xo(single_point_xo),inversion_mutation;;;;;;
1,2,27,737.0535634661057,fps,vrp_xo(single_point_xo),inversion_mutation;;;;;;
1,3,27,737.0535634661057,fps,vrp_xo(single_point_xo),inversion_mutation;;;;;;
1,4,25,688.2531110368888,fps,vrp_xo(single_point_xo),inversion_mutation;;;;;;
1,5,26,706.5816878797838,fps,vrp_xo(single_point_xo),inversion_mutation;;;;;;
1,6,25,673.2573473290528,fps,vrp_xo(single_point_xo),inversion_mutation;;;;;;
1,7,27,665.0968613941458,fps,vrp_xo(single_point_xo),inversion_mutation;;;;;;
1,8,27,655.9387707588288,fps,vrp_xo(single_point_xo),inversion_mutation;;;;;;
1,9,25,593.819356650767,fps,vrp_xo(single_point_xo),inversion_mutation;;;;;;
1,10,24,638.3477021659332,fps,vrp_xo(single_point_xo),inversion_mutation;;;;;;
1,11,25,589.0365499710528,fps,vrp_xo(single_point_xo),inversion_mutation;;;;;;
1,12,25,625.5902205437325,fps,vrp_xo(single_point_xo),inversion_mutation;;;;;;
1,13,24,597.9755358598458,fps,vrp_xo(single_point_xo),inversion_mutation;;;;;;
1,14,24,614.9710316093222,fps,vrp_xo(single_point_xo),inversion_mutation;;;;;;
1,15,24,614.9710316093222,fps,vrp_xo(single_point_xo),inversion_mutation;;;;;;
1,16,23,602.8231516909449,fps,vrp_xo(single_point_xo),inversion_mutation;;;;;;
1,17,25,639.1576413673375,fps,vrp_xo(single_point_xo),inversion_mutation;;;;;;
1,18,29,467.6843785100077,fps,vrp_xo(single_point_xo),inversion_mutation;;;;;;
1,19,24,626.8297197512994,fps,vrp_xo(single_point_xo),inversion_mutation;;;;;;
1,20,24,384.4093542591163,fps,vrp_xo(single_point_xo),inversion_mutation;;;;;;
1,21,23,361.926419456699,fps,vrp_xo(single_point_xo),inversion_mutation;;;;;;
1,22,27,432.96620889096886,fps,vrp_xo(single_point_xo),inversion_mutation;;;;;;
1,23,20,529.2015962897581,fps,vrp_xo(single_point_xo),inversion_mutation;;;;;;
1,24,25,388.62124741037724,fps,vrp_xo(single_point_xo),inversion_mutation;;;;;;
1,25,20,518.4163336980696,fps,vrp_xo(single_point_xo),inversion_mutation;;;;;;
1,26,20,497.5902883878155,fps,vrp_xo(single_point_xo),inversion_mutation;;;;;;
1,27,19,493.64395421822803,fps,vrp_xo(single_point_xo),inversion_mutation;;;;;;
1,28,19,486.5140605258043,fps,vrp_xo(single_point_xo),inversion_mutation;;;;;;
1,29,19,482.1739883107979,fps,vrp_xo(single_point_xo),inversion_mutation;;;;;;
1,30,19,491.0624385180018,fps,vrp_xo(single_point_xo),inversion_mutation;;;;;;
1,31,18,499.8761725830932,fps,vrp_xo(single_point_xo),inversion_mutation;;;;;;
1,32,19,504.32605816299167,fps,vrp_xo(single_point_xo),inversion_mutation;;;;;;
1,33,20,343.8019560679876,fps,vrp_xo(single_point_xo),inversion_mutation;;;;;;
1,34,19,503.2617424560411,fps,vrp_xo(single_point_xo),inversion_mutation;;;;;;
1,35,19,506.06282937813006,fps,vrp_xo(single_point_xo),inversion_mutation;;;;;;
1,36,19,496.6454872647051,fps,vrp_xo(single_point_xo),inversion_mutation;;;;;;
1,37,18,483.37802652880066,fps,vrp_xo(single_point_xo),inversion_mutation;;;;;;
1,38,18,512.5055751939358,fps,vrp_xo(single_point_xo),inversion_mutation;;;;;;
1,39,18,502.8714231340747,fps,vrp_xo(single_point_xo),inversion_mutation;;;;;;
1,40,21,318.5148291483029,fps,vrp_xo(single_point_xo),inversion_mutation;;;;;;
1,41,18,494.9709923059321,fps,vrp_xo(single_point_xo),inversion_mutation;;;;;;
1,42,21,353.4504761968174,fps,vrp_xo(single_point_xo),inversion_mutation;;;;;;
1,43,21,350.74722974200097,fps,vrp_xo(single_point_xo),inversion_mutation;;;;;;
1,44,21,367.2267804527298,fps,vrp_xo(single_point_xo),inversion_mutation;;;;;;
1,45,18,502.0146500992642,fps,vrp_xo(single_point_xo),inversion_mutation;;;;;;
1,46,21,361.0407753107447,fps,vrp_xo(single_point_xo),inversion_mutation;;;;;;
1,47,19,493.03195341199887,fps,vrp_xo(single_point_xo),inversion_mutation;;;;;;
1,48,21,349.4236429249603,fps,vrp_xo(single_point_xo),inversion_mutation;;;;;;
1,49,19,499.26213376860255,fps,vrp_xo(single_point_xo),inversion_mutation;;;;;;
1,50,20,331.42812202056155,fps,vrp_xo(single_point_xo),inversion_mutation;;;;;;
0,1,29,640.1845573387584,tournament_sel,vrp_xo(cycle_xo),swap_mutation;;;;;;
0,2,28,626.536957201457,tournament_sel,vrp_xo(cycle_xo),swap_mutation;;;;;;
0,3,28,615.8779060405315,tournament_sel,vrp_xo(cycle_xo),swap_mutation;;;;;;
0,4,26,615.9136579469251,tournament_sel,vrp_xo(cycle_xo),swap_mutation;;;;;;
0,5,26,592.6895976859579,tournament_sel,vrp_xo(cycle_xo),swap_mutation;;;;;;
0,6,26,592.6895976859579,tournament_sel,vrp_xo(cycle_xo),swap_mutation;;;;;;
0,7,26,585.1341862927048,tournament_sel,vrp_xo(cycle_xo),swap_mutation;;;;;;
0,8,26,592.6895976859579,tournament_sel,vrp_xo(cycle_xo),swap_mutation;;;;;;
0,9,26,592.6895976859579,tournament_sel,vrp_xo(cycle_xo),swap_mutation;;;;;;
0,10,26,586.2730843890488,tournament_sel,vrp_xo(cycle_xo),swap_mutation;;;;;;
0,11,26,587.6297582879735,tournament_sel,vrp_xo(cycle_xo),swap_mutation;;;;;;
0,12,26,588.9429091842973,tournament_sel,vrp_xo(cycle_xo),swap_mutation;;;;;;
0,13,26,577.3220175000424,tournament_sel,vrp_xo(cycle_xo),swap_mutation;;;;;;
0,14,26,576.8887598814334,tournament_sel,vrp_xo(cycle_xo),swap_mutation;;;;;;
0,15,26,576.8887598814334,tournament_sel,vrp_xo(cycle_xo),swap_mutation;;;;;;
0,16,26,574.2189350861848,tournament_sel,vrp_xo(cycle_xo),swap_mutation;;;;;;
0,17,26,576.8887598814334,tournament_sel,vrp_xo(cycle_xo),swap_mutation;;;;;;
0,18,26,571.5349228062173,tournament_sel,vrp_xo(cycle_xo),swap_mutation;;;;;;
0,19,26,576.8887598814334,tournament_sel,vrp_xo(cycle_xo),swap_mutation;;;;;;
0,20,26,576.8887598814334,tournament_sel,vrp_xo(cycle_xo),swap_mutation;;;;;;
0,21,26,576.8887598814334,tournament_sel,vrp_xo(cycle_xo),swap_mutation;;;;;;
0,22,26,575.5987903856911,tournament_sel,vrp_xo(cycle_xo),swap_mutation;;;;;;
0,23,26,576.8887598814334,tournament_sel,vrp_xo(cycle_xo),swap_mutation;;;;;;
0,24,26,317.9989598814332,tournament_sel,vrp_xo(cycle_xo),swap_mutation;;;;;;
0,25,26,567.939391383261,tournament_sel,vrp_xo(cycle_xo),swap_mutation;;;;;;
0,26,26,547.6675641563869,tournament_sel,vrp_xo(cycle_xo),swap_mutation;;;;;;
0,27,26,539.8148661492131,tournament_sel,vrp_xo(cycle_xo),swap_mutation;;;;;;
0,28,26,317.9989598814332,tournament_sel,vrp_xo(cycle_xo),swap_mutation;;;;;;
0,29,26,544.9977393611384,tournament_sel,vrp_xo(cycle_xo),swap_mutation;;;;;;
0,30,26,547.6675641563869,tournament_sel,vrp_xo(cycle_xo),swap_mutation;;;;;;
0,31,26,288.77776415638687,tournament_sel,vrp_xo(cycle_xo),swap_mutation;;;;;;
0,32,26,547.6675641563869,tournament_sel,vrp_xo(cycle_xo),swap_mutation;;;;;;
0,33,26,547.6675641563869,tournament_sel,vrp_xo(cycle_xo),swap_mutation;;;;;;
0,34,26,547.5483544271813,tournament_sel,vrp_xo(cycle_xo),swap_mutation;;;;;;
0,35,26,544.1709758518878,tournament_sel,vrp_xo(cycle_xo),swap_mutation;;;;;;
0,36,26,547.6675641563869,tournament_sel,vrp_xo(cycle_xo),swap_mutation;;;;;;
0,37,26,539.8148661492131,tournament_sel,vrp_xo(cycle_xo),swap_mutation;;;;;;
0,38,26,547.6675641563869,tournament_sel,vrp_xo(cycle_xo),swap_mutation;;;;;;
0,39,26,544.7260817213049,tournament_sel,vrp_xo(cycle_xo),swap_mutation;;;;;;
0,40,26,288.77776415638687,tournament_sel,vrp_xo(cycle_xo),swap_mutation;;;;;;
0,41,26,547.6675641563869,tournament_sel,vrp_xo(cycle_xo),swap_mutation;;;;;;
0,42,26,547.6675641563869,tournament_sel,vrp_xo(cycle_xo),swap_mutation;;;;;;
0,43,26,528.2015530691108,tournament_sel,vrp_xo(cycle_xo),swap_mutation;;;;;;
0,44,26,545.8622647823956,tournament_sel,vrp_xo(cycle_xo),swap_mutation;;;;;;
0,45,26,547.6675641563869,tournament_sel,vrp_xo(cycle_xo),swap_mutation;;;;;;
0,46,26,547.5852576949047,tournament_sel,vrp_xo(cycle_xo),swap_mutation;;;;;;
0,47,26,547.6675641563869,tournament_sel,vrp_xo(cycle_xo),swap_mutation;;;;;;
0,48,26,547.6675641563869,tournament_sel,vrp_xo(cycle_xo),swap_mutation;;;;;;
0,49,26,288.77776415638687,tournament_sel,vrp_xo(cycle_xo),swap_mutation;;;;;;
0,50,26,545.731256167526,tournament_sel,vrp_xo(cycle_xo),swap_mutation;;;;;;
1,1,31,683.1989124657588,tournament_sel,vrp_xo(cycle_xo),swap_mutation;;;;;;
1,2,26,652.6400686560362,tournament_sel,vrp_xo(cycle_xo),swap_mutation;;;;;;
1,3,30,630.5389223733775,tournament_sel,vrp_xo(cycle_xo),swap_mutation;;;;;;
1,4,24,594.7773804156074,tournament_sel,vrp_xo(cycle_xo),swap_mutation;;;;;;
1,5,24,592.9629245754167,tournament_sel,vrp_xo(cycle_xo),swap_mutation;;;;;;
1,6,23,565.8047787776914,tournament_sel,vrp_xo(cycle_xo),swap_mutation;;;;;;
1,7,23,565.6247060173679,tournament_sel,vrp_xo(cycle_xo),swap_mutation;;;;;;
1,8,23,561.6800226940279,tournament_sel,vrp_xo(cycle_xo),swap_mutation;;;;;;
1,9,23,565.8047787776914,tournament_sel,vrp_xo(cycle_xo),swap_mutation;;;;;;
1,10,23,558.2078147553921,tournament_sel,vrp_xo(cycle_xo),swap_mutation;;;;;;
1,11,23,558.2078147553921,tournament_sel,vrp_xo(cycle_xo),swap_mutation;;;;;;
1,12,23,557.998878316901,tournament_sel,vrp_xo(cycle_xo),swap_mutation;;;;;;
1,13,23,535.1452764549829,tournament_sel,vrp_xo(cycle_xo),swap_mutation;;;;;;
1,14,23,535.1452764549829,tournament_sel,vrp_xo(cycle_xo),swap_mutation;;;;;;
1,15,23,535.1452764549829,tournament_sel,vrp_xo(cycle_xo),swap_mutation;;;;;;
1,16,23,535.1452764549829,tournament_sel,vrp_xo(cycle_xo),swap_mutation;;;;;;
1,17,23,306.12737645498294,tournament_sel,vrp_xo(cycle_xo),swap_mutation;;;;;;
1,18,23,530.8569458432246,tournament_sel,vrp_xo(cycle_xo),swap_mutation;;;;;;
1,19,23,535.1452764549829,tournament_sel,vrp_xo(cycle_xo),swap_mutation;;;;;;
1,20,23,535.1452764549829,tournament_sel,vrp_xo(cycle_xo),swap_mutation;;;;;;
1,21,23,535.1452764549829,tournament_sel,vrp_xo(cycle_xo),swap_mutation;;;;;;
1,22,23,306.12737645498294,tournament_sel,vrp_xo(cycle_xo),swap_mutation;;;;;;
1,23,23,535.1452764549829,tournament_sel,vrp_xo(cycle_xo),swap_mutation;;;;;;
1,24,23,534.2944315006454,tournament_sel,vrp_xo(cycle_xo),swap_mutation;;;;;;
1,25,23,535.1452764549829,tournament_sel,vrp_xo(cycle_xo),swap_mutation;;;;;;
1,26,23,529.0417073561821,tournament_sel,vrp_xo(cycle_xo),swap_mutation;;;;;;
1,27,23,306.12737645498294,tournament_sel,vrp_xo(cycle_xo),swap_mutation;;;;;;
1,28,23,532.0272078531738,tournament_sel,vrp_xo(cycle_xo),swap_mutation;;;;;;
1,29,23,526.7229575632509,tournament_sel,vrp_xo(cycle_xo),swap_mutation;;;;;;
1,30,23,300.85753585055835,tournament_sel,vrp_xo(cycle_xo),swap_mutation;;;;;;
1,31,23,302.9900986003836,tournament_sel,vrp_xo(cycle_xo),swap_mutation;;;;;;
1,32,23,521.6080613254678,tournament_sel,vrp_xo(cycle_xo),swap_mutation;;;;;;
1,33,23,514.5507634498674,tournament_sel,vrp_xo(cycle_xo),swap_mutation;;;;;;
1,34,23,501.4562103480823,tournament_sel,vrp_xo(cycle_xo),swap_mutation;;;;;;
1,35,23,500.7551064695332,tournament_sel,vrp_xo(cycle_xo),swap_mutation;;;;;;
1,36,23,493.88670867022114,tournament_sel,vrp_xo(cycle_xo),swap_mutation;;;;;;
1,37,23,272.43831034808227,tournament_sel,vrp_xo(cycle_xo),swap_mutation;;;;;;
1,38,23,493.88670867022114,tournament_sel,vrp_xo(cycle_xo),swap_mutation;;;;;;
1,39,23,493.88670867022114,tournament_sel,vrp_xo(cycle_xo),swap_mutation;;;;;;
1,40,23,264.8688086702212,tournament_sel,vrp_xo(cycle_xo),swap_mutation;;;;;;
1,41,23,491.07700773238895,tournament_sel,vrp_xo(cycle_xo),swap_mutation;;;;;;
1,42,23,470.9726094102945,tournament_sel,vrp_xo(cycle_xo),swap_mutation;;;;;;
1,43,23,470.9726094102945,tournament_sel,vrp_xo(cycle_xo),swap_mutation;;;;;;
1,44,23,241.95470941029458,tournament_sel,vrp_xo(cycle_xo),swap_mutation;;;;;;
1,45,23,470.9726094102945,tournament_sel,vrp_xo(cycle_xo),swap_mutation;;;;;;
1,46,23,470.9726094102945,tournament_sel,vrp_xo(cycle_xo),swap_mutation;;;;;;
1,47,23,470.9726094102945,tournament_sel,vrp_xo(cycle_xo),swap_mutation;;;;;;
1,48,23,470.9726094102945,tournament_sel,vrp_xo(cycle_xo),swap_mutation;;;;;;
1,49,23,470.9726094102945,tournament_sel,vrp_xo(cycle_xo),swap_mutation;;;;;;
1,50,23,468.5422646513553,tournament_sel,vrp_xo(cycle_xo),swap_mutation;;;;;;
0,1,30,699.529398320246,tournament_sel,vrp_xo(cycle_xo),inversion_mutation;;;;;;
0,2,30,675.8119234646487,tournament_sel,vrp_xo(cycle_xo),inversion_mutation;;;;;;
0,3,29,672.4224430371028,tournament_sel,vrp_xo(cycle_xo),inversion_mutation;;;;;;
0,4,28,653.3543828397238,tournament_sel,vrp_xo(cycle_xo),inversion_mutation;;;;;;
0,5,26,637.8763683711697,tournament_sel,vrp_xo(cycle_xo),inversion_mutation;;;;;;
0,6,27,608.913375749794,tournament_sel,vrp_xo(cycle_xo),inversion_mutation;;;;;;
0,7,27,566.0812565445253,tournament_sel,vrp_xo(cycle_xo),inversion_mutation;;;;;;
0,8,27,566.0812565445253,tournament_sel,vrp_xo(cycle_xo),inversion_mutation;;;;;;
0,9,25,564.4393324218256,tournament_sel,vrp_xo(cycle_xo),inversion_mutation;;;;;;
0,10,26,559.8795845807856,tournament_sel,vrp_xo(cycle_xo),inversion_mutation;;;;;;
0,11,26,542.4460740085088,tournament_sel,vrp_xo(cycle_xo),inversion_mutation;;;;;;
0,12,26,538.5865624431544,tournament_sel,vrp_xo(cycle_xo),inversion_mutation;;;;;;
0,13,25,516.1687984166024,tournament_sel,vrp_xo(cycle_xo),inversion_mutation;;;;;;
0,14,25,516.1687984166024,tournament_sel,vrp_xo(cycle_xo),inversion_mutation;;;;;;
0,15,25,512.025797919141,tournament_sel,vrp_xo(cycle_xo),inversion_mutation;;;;;;
0,16,24,497.7268046693392,tournament_sel,vrp_xo(cycle_xo),inversion_mutation;;;;;;
0,17,24,497.7268046693392,tournament_sel,vrp_xo(cycle_xo),inversion_mutation;;;;;;
0,18,24,497.7268046693392,tournament_sel,vrp_xo(cycle_xo),inversion_mutation;;;;;;
0,19,24,497.7268046693392,tournament_sel,vrp_xo(cycle_xo),inversion_mutation;;;;;;
0,20,24,497.7268046693392,tournament_sel,vrp_xo(cycle_xo),inversion_mutation;;;;;;
0,21,24,493.25500592016436,tournament_sel,vrp_xo(cycle_xo),inversion_mutation;;;;;;
0,22,24,490.22202022954195,tournament_sel,vrp_xo(cycle_xo),inversion_mutation;;;;;;
0,23,24,490.22202022954195,tournament_sel,vrp_xo(cycle_xo),inversion_mutation;;;;;;
0,24,24,476.7605562324991,tournament_sel,vrp_xo(cycle_xo),inversion_mutation;;;;;;
0,25,24,474.159554509998,tournament_sel,vrp_xo(cycle_xo),inversion_mutation;;;;;;
0,26,24,474.159554509998,tournament_sel,vrp_xo(cycle_xo),inversion_mutation;;;;;;
0,27,24,474.159554509998,tournament_sel,vrp_xo(cycle_xo),inversion_mutation;;;;;;
0,28,24,471.7901946654672,tournament_sel,vrp_xo(cycle_xo),inversion_mutation;;;;;;
0,29,24,471.01381908112205,tournament_sel,vrp_xo(cycle_xo),inversion_mutation;;;;;;
0,30,24,468.7399192798182,tournament_sel,vrp_xo(cycle_xo),inversion_mutation;;;;;;
0,31,24,468.7399192798182,tournament_sel,vrp_xo(cycle_xo),inversion_mutation;;;;;;
0,32,24,468.7399192798182,tournament_sel,vrp_xo(cycle_xo),inversion_mutation;;;;;;
0,33,24,468.7399192798182,tournament_sel,vrp_xo(cycle_xo),inversion_mutation;;;;;;
0,34,24,467.2635081490684,tournament_sel,vrp_xo(cycle_xo),inversion_mutation;;;;;;
0,35,24,468.6034340294258,tournament_sel,vrp_xo(cycle_xo),inversion_mutation;;;;;;
0,36,24,468.7399192798182,tournament_sel,vrp_xo(cycle_xo),inversion_mutation;;;;;;
0,37,24,467.8159192798182,tournament_sel,vrp_xo(cycle_xo),inversion_mutation;;;;;;
0,38,24,468.7399192798182,tournament_sel,vrp_xo(cycle_xo),inversion_mutation;;;;;;
0,39,24,468.7399192798182,tournament_sel,vrp_xo(cycle_xo),inversion_mutation;;;;;;
0,40,24,468.7399192798182,tournament_sel,vrp_xo(cycle_xo),inversion_mutation;;;;;;
0,41,24,468.7399192798182,tournament_sel,vrp_xo(cycle_xo),inversion_mutation;;;;;;
0,42,24,468.0007192798182,tournament_sel,vrp_xo(cycle_xo),inversion_mutation;;;;;;
0,43,24,468.7399192798182,tournament_sel,vrp_xo(cycle_xo),inversion_mutation;;;;;;
0,44,24,468.7399192798182,tournament_sel,vrp_xo(cycle_xo),inversion_mutation;;;;;;
0,45,24,468.7399192798182,tournament_sel,vrp_xo(cycle_xo),inversion_mutation;;;;;;
0,46,24,462.32587709412473,tournament_sel,vrp_xo(cycle_xo),inversion_mutation;;;;;;
0,47,24,455.08599758391676,tournament_sel,vrp_xo(cycle_xo),inversion_mutation;;;;;;
0,48,24,455.08599758391676,tournament_sel,vrp_xo(cycle_xo),inversion_mutation;;;;;;
0,49,24,455.08599758391676,tournament_sel,vrp_xo(cycle_xo),inversion_mutation;;;;;;
0,50,24,455.08599758391676,tournament_sel,vrp_xo(cycle_xo),inversion_mutation;;;;;;
1,1,31,707.570970753092,tournament_sel,vrp_xo(cycle_xo),inversion_mutation;;;;;;
1,2,29,679.0189724795622,tournament_sel,vrp_xo(cycle_xo),inversion_mutation;;;;;;
1,3,29,679.0189724795622,tournament_sel,vrp_xo(cycle_xo),inversion_mutation;;;;;;
1,4,30,664.9398626020234,tournament_sel,vrp_xo(cycle_xo),inversion_mutation;;;;;;
1,5,29,646.3856723036129,tournament_sel,vrp_xo(cycle_xo),inversion_mutation;;;;;;
1,6,28,604.0761952383516,tournament_sel,vrp_xo(cycle_xo),inversion_mutation;;;;;;
1,7,28,604.0761952383516,tournament_sel,vrp_xo(cycle_xo),inversion_mutation;;;;;;
1,8,28,604.0761952383516,tournament_sel,vrp_xo(cycle_xo),inversion_mutation;;;;;;
1,9,28,600.6492467666466,tournament_sel,vrp_xo(cycle_xo),inversion_mutation;;;;;;
1,10,28,604.0761952383516,tournament_sel,vrp_xo(cycle_xo),inversion_mutation;;;;;;
1,11,28,604.0761952383516,tournament_sel,vrp_xo(cycle_xo),inversion_mutation;;;;;;
1,12,28,604.0761952383516,tournament_sel,vrp_xo(cycle_xo),inversion_mutation;;;;;;
1,13,28,604.0761952383516,tournament_sel,vrp_xo(cycle_xo),inversion_mutation;;;;;;
1,14,28,603.0312604272287,tournament_sel,vrp_xo(cycle_xo),inversion_mutation;;;;;;
1,15,28,604.0761952383516,tournament_sel,vrp_xo(cycle_xo),inversion_mutation;;;;;;
1,16,28,600.2751761400518,tournament_sel,vrp_xo(cycle_xo),inversion_mutation;;;;;;
1,17,28,594.7617153269605,tournament_sel,vrp_xo(cycle_xo),inversion_mutation;;;;;;
1,18,28,594.7617153269605,tournament_sel,vrp_xo(cycle_xo),inversion_mutation;;;;;;
1,19,28,594.7617153269605,tournament_sel,vrp_xo(cycle_xo),inversion_mutation;;;;;;
1,20,28,592.3395420555809,tournament_sel,vrp_xo(cycle_xo),inversion_mutation;;;;;;
1,21,28,582.8577445445504,tournament_sel,vrp_xo(cycle_xo),inversion_mutation;;;;;;
1,22,28,573.3752030489413,tournament_sel,vrp_xo(cycle_xo),inversion_mutation;;;;;;
1,23,28,573.3752030489413,tournament_sel,vrp_xo(cycle_xo),inversion_mutation;;;;;;
1,24,28,573.3752030489413,tournament_sel,vrp_xo(cycle_xo),inversion_mutation;;;;;;
1,25,28,572.7231813100583,tournament_sel,vrp_xo(cycle_xo),inversion_mutation;;;;;;
1,26,28,573.3752030489413,tournament_sel,vrp_xo(cycle_xo),inversion_mutation;;;;;;
1,27,28,573.3752030489413,tournament_sel,vrp_xo(cycle_xo),inversion_mutation;;;;;;
1,28,28,573.3752030489413,tournament_sel,vrp_xo(cycle_xo),inversion_mutation;;;;;;
1,29,28,573.3752030489413,tournament_sel,vrp_xo(cycle_xo),inversion_mutation;;;;;;
1,30,28,573.3752030489413,tournament_sel,vrp_xo(cycle_xo),inversion_mutation;;;;;;
1,31,28,573.3752030489413,tournament_sel,vrp_xo(cycle_xo),inversion_mutation;;;;;;
1,32,28,573.3752030489413,tournament_sel,vrp_xo(cycle_xo),inversion_mutation;;;;;;
1,33,28,573.3752030489413,tournament_sel,vrp_xo(cycle_xo),inversion_mutation;;;;;;
1,34,28,573.3752030489413,tournament_sel,vrp_xo(cycle_xo),inversion_mutation;;;;;;
1,35,28,572.7231813100583,tournament_sel,vrp_xo(cycle_xo),inversion_mutation;;;;;;
1,36,28,569.2501400659502,tournament_sel,vrp_xo(cycle_xo),inversion_mutation;;;;;;
1,37,28,569.2501400659502,tournament_sel,vrp_xo(cycle_xo),inversion_mutation;;;;;;
1,38,28,569.2501400659502,tournament_sel,vrp_xo(cycle_xo),inversion_mutation;;;;;;
1,39,28,568.6837096730387,tournament_sel,vrp_xo(cycle_xo),inversion_mutation;;;;;;
1,40,28,569.2501400659502,tournament_sel,vrp_xo(cycle_xo),inversion_mutation;;;;;;
1,41,28,569.2501400659502,tournament_sel,vrp_xo(cycle_xo),inversion_mutation;;;;;;
1,42,28,569.2501400659502,tournament_sel,vrp_xo(cycle_xo),inversion_mutation;;;;;;
1,43,28,569.2501400659502,tournament_sel,vrp_xo(cycle_xo),inversion_mutation;;;;;;
1,44,28,569.2501400659502,tournament_sel,vrp_xo(cycle_xo),inversion_mutation;;;;;;
1,45,28,568.3007339232244,tournament_sel,vrp_xo(cycle_xo),inversion_mutation;;;;;;
1,46,28,569.2501400659502,tournament_sel,vrp_xo(cycle_xo),inversion_mutation;;;;;;
1,47,28,569.2501400659502,tournament_sel,vrp_xo(cycle_xo),inversion_mutation;;;;;;
1,48,28,569.2501400659502,tournament_sel,vrp_xo(cycle_xo),inversion_mutation;;;;;;
1,49,28,564.0406398523594,tournament_sel,vrp_xo(cycle_xo),inversion_mutation;;;;;;
1,50,28,569.2501400659502,tournament_sel,vrp_xo(cycle_xo),inversion_mutation;;;;;;
0,1,26,686.4974324900143,tournament_sel,vrp_xo(pmx),swap_mutation;;;;;;
0,2,27,648.1106538349558,tournament_sel,vrp_xo(pmx),swap_mutation;;;;;;
0,3,22,660.3947941714789,tournament_sel,vrp_xo(pmx),swap_mutation;;;;;;
0,4,23,543.983459338451,tournament_sel,vrp_xo(pmx),swap_mutation;;;;;;
0,5,23,510.3655787648794,tournament_sel,vrp_xo(pmx),swap_mutation;;;;;;
0,6,20,595.9521335361071,tournament_sel,vrp_xo(pmx),swap_mutation;;;;;;
0,7,17,533.1076234455128,tournament_sel,vrp_xo(pmx),swap_mutation;;;;;;
0,8,16,496.66865665138494,tournament_sel,vrp_xo(pmx),swap_mutation;;;;;;
0,9,14,482.64565286659194,tournament_sel,vrp_xo(pmx),swap_mutation;;;;;;
0,10,13,434.80523297518243,tournament_sel,vrp_xo(pmx),swap_mutation;;;;;;
0,11,12,399.12113401540205,tournament_sel,vrp_xo(pmx),swap_mutation;;;;;;
0,12,13,408.9150587402054,tournament_sel,vrp_xo(pmx),swap_mutation;;;;;;
0,13,11,403.1663327098081,tournament_sel,vrp_xo(pmx),swap_mutation;;;;;;
0,14,11,384.61647543621444,tournament_sel,vrp_xo(pmx),swap_mutation;;;;;;
0,15,8,330.32018819407114,tournament_sel,vrp_xo(pmx),swap_mutation;;;;;;
0,16,8,328.1611672636023,tournament_sel,vrp_xo(pmx),swap_mutation;;;;;;
0,17,7,320.562971932396,tournament_sel,vrp_xo(pmx),swap_mutation;;;;;;
0,18,7,263.7182724607124,tournament_sel,vrp_xo(pmx),swap_mutation;;;;;;
0,19,8,310.5774612686673,tournament_sel,vrp_xo(pmx),swap_mutation;;;;;;
0,20,6,301.8462540595018,tournament_sel,vrp_xo(pmx),swap_mutation;;;;;;
0,21,5,264.8874963152638,tournament_sel,vrp_xo(pmx),swap_mutation;;;;;;
0,22,5,264.0556520026256,tournament_sel,vrp_xo(pmx),swap_mutation;;;;;;
0,23,5,222.3839745546646,tournament_sel,vrp_xo(pmx),swap_mutation;;;;;;
0,24,5,234.65275587651868,tournament_sel,vrp_xo(pmx),swap_mutation;;;;;;
0,25,4,194.63599083110066,tournament_sel,vrp_xo(pmx),swap_mutation;;;;;;
0,26,4,238.8541597251325,tournament_sel,vrp_xo(pmx),swap_mutation;;;;;;
0,27,4,238.8541597251325,tournament_sel,vrp_xo(pmx),swap_mutation;;;;;;
0,28,4,237.89500438995563,tournament_sel,vrp_xo(pmx),swap_mutation;;;;;;
0,29,4,238.75918603096613,tournament_sel,vrp_xo(pmx),swap_mutation;;;;;;
0,30,4,235.7245392769877,tournament_sel,vrp_xo(pmx),swap_mutation;;;;;;
0,31,4,233.38975718417586,tournament_sel,vrp_xo(pmx),swap_mutation;;;;;;
0,32,4,228.64780028171975,tournament_sel,vrp_xo(pmx),swap_mutation;;;;;;
0,33,4,227.9896957214168,tournament_sel,vrp_xo(pmx),swap_mutation;;;;;;
0,34,4,227.9896957214168,tournament_sel,vrp_xo(pmx),swap_mutation;;;;;;
0,35,4,227.9896957214168,tournament_sel,vrp_xo(pmx),swap_mutation;;;;;;
0,36,4,227.69439115749523,tournament_sel,vrp_xo(pmx),swap_mutation;;;;;;
0,37,4,227.10969188152467,tournament_sel,vrp_xo(pmx),swap_mutation;;;;;;
0,38,4,226.10616311089774,tournament_sel,vrp_xo(pmx),swap_mutation;;;;;;
0,39,4,226.88041009572018,tournament_sel,vrp_xo(pmx),swap_mutation;;;;;;
0,40,4,226.96266921164627,tournament_sel,vrp_xo(pmx),swap_mutation;;;;;;
0,41,4,226.96266921164627,tournament_sel,vrp_xo(pmx),swap_mutation;;;;;;
0,42,4,226.96266921164627,tournament_sel,vrp_xo(pmx),swap_mutation;;;;;;
0,43,4,226.96266921164627,tournament_sel,vrp_xo(pmx),swap_mutation;;;;;;
0,44,4,226.335167542678,tournament_sel,vrp_xo(pmx),swap_mutation;;;;;;
0,45,4,202.1275036148129,tournament_sel,vrp_xo(pmx),swap_mutation;;;;;;
0,46,4,202.1275036148129,tournament_sel,vrp_xo(pmx),swap_mutation;;;;;;
0,47,4,202.1275036148129,tournament_sel,vrp_xo(pmx),swap_mutation;;;;;;
0,48,4,202.1275036148129,tournament_sel,vrp_xo(pmx),swap_mutation;;;;;;
0,49,4,201.71538202486863,tournament_sel,vrp_xo(pmx),swap_mutation;;;;;;
0,50,4,202.02625489890704,tournament_sel,vrp_xo(pmx),swap_mutation;;;;;;
1,1,25,647.0566988393907,tournament_sel,vrp_xo(pmx),swap_mutation;;;;;;
1,2,28,394.4090951923787,tournament_sel,vrp_xo(pmx),swap_mutation;;;;;;
1,3,23,569.2986812083045,tournament_sel,vrp_xo(pmx),swap_mutation;;;;;;
1,4,19,571.6920322416884,tournament_sel,vrp_xo(pmx),swap_mutation;;;;;;
1,5,23,445.5666608052741,tournament_sel,vrp_xo(pmx),swap_mutation;;;;;;
1,6,20,599.7613223639582,tournament_sel,vrp_xo(pmx),swap_mutation;;;;;;
1,7,23,458.682221886979,tournament_sel,vrp_xo(pmx),swap_mutation;;;;;;
1,8,22,579.3905920085209,tournament_sel,vrp_xo(pmx),swap_mutation;;;;;;
1,9,20,520.4222829444107,tournament_sel,vrp_xo(pmx),swap_mutation;;;;;;
1,10,15,483.1304847031455,tournament_sel,vrp_xo(pmx),swap_mutation;;;;;;
1,11,18,411.0139729395644,tournament_sel,vrp_xo(pmx),swap_mutation;;;;;;
1,12,15,477.42595660985796,tournament_sel,vrp_xo(pmx),swap_mutation;;;;;;
1,13,15,469.38868614335263,tournament_sel,vrp_xo(pmx),swap_mutation;;;;;;
1,14,15,467.0063652473467,tournament_sel,vrp_xo(pmx),swap_mutation;;;;;;
1,15,15,429.4182689879867,tournament_sel,vrp_xo(pmx),swap_mutation;;;;;;
1,16,16,442.13263382765814,tournament_sel,vrp_xo(pmx),swap_mutation;;;;;;
1,17,14,444.4884434131372,tournament_sel,vrp_xo(pmx),swap_mutation;;;;;;
1,18,12,439.90159775638654,tournament_sel,vrp_xo(pmx),swap_mutation;;;;;;
1,19,13,437.5627720349133,tournament_sel,vrp_xo(pmx),swap_mutation;;;;;;
1,20,11,411.26455454276055,tournament_sel,vrp_xo(pmx),swap_mutation;;;;;;
1,21,8,335.4839122046049,tournament_sel,vrp_xo(pmx),swap_mutation;;;;;;
1,22,9,365.62454220842375,tournament_sel,vrp_xo(pmx),swap_mutation;;;;;;
1,23,9,365.62454220842375,tournament_sel,vrp_xo(pmx),swap_mutation;;;;;;
1,24,10,391.55007258370296,tournament_sel,vrp_xo(pmx),swap_mutation;;;;;;
1,25,10,384.8765818937648,tournament_sel,vrp_xo(pmx),swap_mutation;;;;;;
1,26,10,384.5926097225994,tournament_sel,vrp_xo(pmx),swap_mutation;;;;;;
1,27,10,384.8765818937648,tournament_sel,vrp_xo(pmx),swap_mutation;;;;;;
1,28,10,376.7866447569289,tournament_sel,vrp_xo(pmx),swap_mutation;;;;;;
1,29,10,381.0561581549675,tournament_sel,vrp_xo(pmx),swap_mutation;;;;;;
1,30,10,381.0561581549675,tournament_sel,vrp_xo(pmx),swap_mutation;;;;;;
1,31,10,381.0561581549675,tournament_sel,vrp_xo(pmx),swap_mutation;;;;;;
1,32,10,380.43638846950614,tournament_sel,vrp_xo(pmx),swap_mutation;;;;;;
1,33,10,380.327146994381,tournament_sel,vrp_xo(pmx),swap_mutation;;;;;;
1,34,10,372.10604981806944,tournament_sel,vrp_xo(pmx),swap_mutation;;;;;;
1,35,10,379.35338017113475,tournament_sel,vrp_xo(pmx),swap_mutation;;;;;;
1,36,10,372.88195269291987,tournament_sel,vrp_xo(pmx),swap_mutation;;;;;;
1,37,10,372.01018155403676,tournament_sel,vrp_xo(pmx),swap_mutation;;;;;;
1,38,10,370.08337831407204,tournament_sel,vrp_xo(pmx),swap_mutation;;;;;;
1,39,10,370.08337831407204,tournament_sel,vrp_xo(pmx),swap_mutation;;;;;;
1,40,10,370.08337831407204,tournament_sel,vrp_xo(pmx),swap_mutation;;;;;;
1,41,10,368.2404701174996,tournament_sel,vrp_xo(pmx),swap_mutation;;;;;;
1,42,10,368.46056632208405,tournament_sel,vrp_xo(pmx),swap_mutation;;;;;;
1,43,10,368.46056632208405,tournament_sel,vrp_xo(pmx),swap_mutation;;;;;;
1,44,10,368.46056632208405,tournament_sel,vrp_xo(pmx),swap_mutation;;;;;;
1,45,10,368.46056632208405,tournament_sel,vrp_xo(pmx),swap_mutation;;;;;;
1,46,10,368.46056632208405,tournament_sel,vrp_xo(pmx),swap_mutation;;;;;;
1,47,10,368.46056632208405,tournament_sel,vrp_xo(pmx),swap_mutation;;;;;;
1,48,10,368.46056632208405,tournament_sel,vrp_xo(pmx),swap_mutation;;;;;;
1,49,10,368.0333972053935,tournament_sel,vrp_xo(pmx),swap_mutation;;;;;;
1,50,10,368.46056632208405,tournament_sel,vrp_xo(pmx),swap_mutation;;;;;;
0,1,26,716.9757057141791,tournament_sel,vrp_xo(pmx),inversion_mutation;;;;;;
0,2,31,709.3066480881159,tournament_sel,vrp_xo(pmx),inversion_mutation;;;;;;
0,3,26,604.2039323357186,tournament_sel,vrp_xo(pmx),inversion_mutation;;;;;;
0,4,25,580.161737092546,tournament_sel,vrp_xo(pmx),inversion_mutation;;;;;;
0,5,21,500.417822058491,tournament_sel,vrp_xo(pmx),inversion_mutation;;;;;;
0,6,21,515.0738228011213,tournament_sel,vrp_xo(pmx),inversion_mutation;;;;;;
0,7,21,265.5335341950048,tournament_sel,vrp_xo(pmx),inversion_mutation;;;;;;
0,8,19,426.3206165393802,tournament_sel,vrp_xo(pmx),inversion_mutation;;;;;;
0,9,16,365.90905857777074,tournament_sel,vrp_xo(pmx),inversion_mutation;;;;;;
0,10,16,400.95237464768815,tournament_sel,vrp_xo(pmx),inversion_mutation;;;;;;
0,11,13,384.64179046884703,tournament_sel,vrp_xo(pmx),inversion_mutation;;;;;;
0,12,13,282.09530288111307,tournament_sel,vrp_xo(pmx),inversion_mutation;;;;;;
0,13,11,303.71873286173366,tournament_sel,vrp_xo(pmx),inversion_mutation;;;;;;
0,14,11,303.71873286173366,tournament_sel,vrp_xo(pmx),inversion_mutation;;;;;;
0,15,9,295.43107858604685,tournament_sel,vrp_xo(pmx),inversion_mutation;;;;;;
0,16,8,284.76175778703765,tournament_sel,vrp_xo(pmx),inversion_mutation;;;;;;
0,17,6,252.68041840122925,tournament_sel,vrp_xo(pmx),inversion_mutation;;;;;;
0,18,7,274.6990062675527,tournament_sel,vrp_xo(pmx),inversion_mutation;;;;;;
0,19,6,260.56520907191964,tournament_sel,vrp_xo(pmx),inversion_mutation;;;;;;
0,20,5,225.92642399816518,tournament_sel,vrp_xo(pmx),inversion_mutation;;;;;;
0,21,5,250.13447617438365,tournament_sel,vrp_xo(pmx),inversion_mutation;;;;;;
0,22,5,219.29568960887744,tournament_sel,vrp_xo(pmx),inversion_mutation;;;;;;
0,23,5,219.92208824051056,tournament_sel,vrp_xo(pmx),inversion_mutation;;;;;;
0,24,5,218.4037303370355,tournament_sel,vrp_xo(pmx),inversion_mutation;;;;;;
0,25,5,218.4037303370355,tournament_sel,vrp_xo(pmx),inversion_mutation;;;;;;
0,26,2,189.09055914018094,tournament_sel,vrp_xo(pmx),inversion_mutation;;;;;;
0,27,2,151.67024951070215,tournament_sel,vrp_xo(pmx),inversion_mutation;;;;;;
0,28,2,152.7468545607357,tournament_sel,vrp_xo(pmx),inversion_mutation;;;;;;
0,29,2,142.9728501046538,tournament_sel,vrp_xo(pmx),inversion_mutation;;;;;;
0,30,2,141.6505034783453,tournament_sel,vrp_xo(pmx),inversion_mutation;;;;;;
0,31,2,134.04662385834382,tournament_sel,vrp_xo(pmx),inversion_mutation;;;;;;
0,32,2,133.6107284004905,tournament_sel,vrp_xo(pmx),inversion_mutation;;;;;;
0,33,2,132.90049302111305,tournament_sel,vrp_xo(pmx),inversion_mutation;;;;;;
0,34,2,124.68119979463367,tournament_sel,vrp_xo(pmx),inversion_mutation;;;;;;
0,35,2,127.3589141865275,tournament_sel,vrp_xo(pmx),inversion_mutation;;;;;;
0,36,2,125.7573449021688,tournament_sel,vrp_xo(pmx),inversion_mutation;;;;;;
0,37,2,126.98911613237344,tournament_sel,vrp_xo(pmx),inversion_mutation;;;;;;
0,38,2,126.51545126777222,tournament_sel,vrp_xo(pmx),inversion_mutation;;;;;;
0,39,2,125.17953420970554,tournament_sel,vrp_xo(pmx),inversion_mutation;;;;;;
0,40,2,123.81853720751947,tournament_sel,vrp_xo(pmx),inversion_mutation;;;;;;
0,41,2,122.69052396444292,tournament_sel,vrp_xo(pmx),inversion_mutation;;;;;;
0,42,2,119.07386858927214,tournament_sel,vrp_xo(pmx),inversion_mutation;;;;;;
0,43,2,119.82601871824312,tournament_sel,vrp_xo(pmx),inversion_mutation;;;;;;
0,44,2,119.32898447457072,tournament_sel,vrp_xo(pmx),inversion_mutation;;;;;;
0,45,2,119.32898447457072,tournament_sel,vrp_xo(pmx),inversion_mutation;;;;;;
0,46,2,118.73671535246793,tournament_sel,vrp_xo(pmx),inversion_mutation;;;;;;
0,47,2,118.73671535246793,tournament_sel,vrp_xo(pmx),inversion_mutation;;;;;;
0,48,2,118.41109805181304,tournament_sel,vrp_xo(pmx),inversion_mutation;;;;;;
0,49,2,117.17420200733267,tournament_sel,vrp_xo(pmx),inversion_mutation;;;;;;
0,50,2,117.17420200733267,tournament_sel,vrp_xo(pmx),inversion_mutation;;;;;;
1,1,32,705.5171804911777,tournament_sel,vrp_xo(pmx),inversion_mutation;;;;;;
1,2,27,697.4881487903823,tournament_sel,vrp_xo(pmx),inversion_mutation;;;;;;
1,3,26,612.6510384358768,tournament_sel,vrp_xo(pmx),inversion_mutation;;;;;;
1,4,19,607.3249786661714,tournament_sel,vrp_xo(pmx),inversion_mutation;;;;;;
1,5,18,597.6392934307326,tournament_sel,vrp_xo(pmx),inversion_mutation;;;;;;
1,6,17,554.8522006976507,tournament_sel,vrp_xo(pmx),inversion_mutation;;;;;;
1,7,20,475.82089909225004,tournament_sel,vrp_xo(pmx),inversion_mutation;;;;;;
1,8,17,511.97705015126365,tournament_sel,vrp_xo(pmx),inversion_mutation;;;;;;
1,9,18,453.09369590988774,tournament_sel,vrp_xo(pmx),inversion_mutation;;;;;;
1,10,16,460.5733116673336,tournament_sel,vrp_xo(pmx),inversion_mutation;;;;;;
1,11,15,460.63898394644355,tournament_sel,vrp_xo(pmx),inversion_mutation;;;;;;
1,12,17,423.53668956735123,tournament_sel,vrp_xo(pmx),inversion_mutation;;;;;;
1,13,14,407.8563436818154,tournament_sel,vrp_xo(pmx),inversion_mutation;;;;;;
1,14,13,382.3166888866057,tournament_sel,vrp_xo(pmx),inversion_mutation;;;;;;
1,15,13,381.797871868498,tournament_sel,vrp_xo(pmx),inversion_mutation;;;;;;
1,16,12,230.90984021956362,tournament_sel,vrp_xo(pmx),inversion_mutation;;;;;;
1,17,12,383.0526240628965,tournament_sel,vrp_xo(pmx),inversion_mutation;;;;;;
1,18,13,364.08243650983286,tournament_sel,vrp_xo(pmx),inversion_mutation;;;;;;
1,19,14,358.0792249944572,tournament_sel,vrp_xo(pmx),inversion_mutation;;;;;;
1,20,12,388.4279051828921,tournament_sel,vrp_xo(pmx),inversion_mutation;;;;;;
1,21,10,370.08127736031753,tournament_sel,vrp_xo(pmx),inversion_mutation;;;;;;
1,22,12,357.20334748306306,tournament_sel,vrp_xo(pmx),inversion_mutation;;;;;;
1,23,11,396.6394051468665,tournament_sel,vrp_xo(pmx),inversion_mutation;;;;;;
1,24,10,382.56334328575383,tournament_sel,vrp_xo(pmx),inversion_mutation;;;;;;
1,25,10,382.56334328575383,tournament_sel,vrp_xo(pmx),inversion_mutation;;;;;;
1,26,10,382.56334328575383,tournament_sel,vrp_xo(pmx),inversion_mutation;;;;;;
1,27,7,347.75991710671553,tournament_sel,vrp_xo(pmx),inversion_mutation;;;;;;
1,28,11,396.30482709563256,tournament_sel,vrp_xo(pmx),inversion_mutation;;;;;;
1,29,8,333.62776653639577,tournament_sel,vrp_xo(pmx),inversion_mutation;;;;;;
1,30,8,353.72499410789834,tournament_sel,vrp_xo(pmx),inversion_mutation;;;;;;
1,31,8,385.20621493257835,tournament_sel,vrp_xo(pmx),inversion_mutation;;;;;;
1,32,9,380.92129743914103,tournament_sel,vrp_xo(pmx),inversion_mutation;;;;;;
1,33,8,362.1484907167843,tournament_sel,vrp_xo(pmx),inversion_mutation;;;;;;
1,34,7,334.67784977119,tournament_sel,vrp_xo(pmx),inversion_mutation;;;;;;
1,35,6,301.71711642701297,tournament_sel,vrp_xo(pmx),inversion_mutation;;;;;;
1,36,6,299.59120050376447,tournament_sel,vrp_xo(pmx),inversion_mutation;;;;;;
1,37,4,278.6428926678057,tournament_sel,vrp_xo(pmx),inversion_mutation;;;;;;
1,38,4,276.7281448126719,tournament_sel,vrp_xo(pmx),inversion_mutation;;;;;;
1,39,4,274.50342195517004,tournament_sel,vrp_xo(pmx),inversion_mutation;;;;;;
1,40,4,260.17044230769477,tournament_sel,vrp_xo(pmx),inversion_mutation;;;;;;
1,41,4,263.87385834823857,tournament_sel,vrp_xo(pmx),inversion_mutation;;;;;;
1,42,4,263.4514758393078,tournament_sel,vrp_xo(pmx),inversion_mutation;;;;;;
1,43,4,258.9297945948714,tournament_sel,vrp_xo(pmx),inversion_mutation;;;;;;
1,44,4,253.51094844733453,tournament_sel,vrp_xo(pmx),inversion_mutation;;;;;;
1,45,4,247.12978732306416,tournament_sel,vrp_xo(pmx),inversion_mutation;;;;;;
1,46,4,239.6454219211691,tournament_sel,vrp_xo(pmx),inversion_mutation;;;;;;
1,47,4,239.6454219211691,tournament_sel,vrp_xo(pmx),inversion_mutation;;;;;;
1,48,4,239.6454219211691,tournament_sel,vrp_xo(pmx),inversion_mutation;;;;;;
1,49,4,237.1512141571525,tournament_sel,vrp_xo(pmx),inversion_mutation;;;;;;
1,50,4,237.09511264466,tournament_sel,vrp_xo(pmx),inversion_mutation;;;;;;
0,1,34,482.7825226280304,tournament_sel,vrp_xo(single_point_xo),swap_mutation;;;;;;
0,2,30,727.3276974428568,tournament_sel,vrp_xo(single_point_xo),swap_mutation;;;;;;
0,3,30,431.4649078247835,tournament_sel,vrp_xo(single_point_xo),swap_mutation;;;;;;
0,4,25,637.0299308271998,tournament_sel,vrp_xo(single_point_xo),swap_mutation;;;;;;
0,5,24,610.1807942749202,tournament_sel,vrp_xo(single_point_xo),swap_mutation;;;;;;
0,6,24,611.6185193890879,tournament_sel,vrp_xo(single_point_xo),swap_mutation;;;;;;
0,7,21,609.7528324411777,tournament_sel,vrp_xo(single_point_xo),swap_mutation;;;;;;
0,8,22,627.3893423415769,tournament_sel,vrp_xo(single_point_xo),swap_mutation;;;;;;
0,9,20,379.6496003157874,tournament_sel,vrp_xo(single_point_xo),swap_mutation;;;;;;
0,10,19,577.4522819421494,tournament_sel,vrp_xo(single_point_xo),swap_mutation;;;;;;
0,11,19,585.7147802021348,tournament_sel,vrp_xo(single_point_xo),swap_mutation;;;;;;
0,12,19,397.1881480046584,tournament_sel,vrp_xo(single_point_xo),swap_mutation;;;;;;
0,13,20,432.566848371827,tournament_sel,vrp_xo(single_point_xo),swap_mutation;;;;;;
0,14,18,567.399503887099,tournament_sel,vrp_xo(single_point_xo),swap_mutation;;;;;;
0,15,19,564.3887531631964,tournament_sel,vrp_xo(single_point_xo),swap_mutation;;;;;;
0,16,17,535.6327039019766,tournament_sel,vrp_xo(single_point_xo),swap_mutation;;;;;;
0,17,17,528.1928935648009,tournament_sel,vrp_xo(single_point_xo),swap_mutation;;;;;;
0,18,17,366.35860390197666,tournament_sel,vrp_xo(single_point_xo),swap_mutation;;;;;;
0,19,17,533.1625085268536,tournament_sel,vrp_xo(single_point_xo),swap_mutation;;;;;;
0,20,17,529.2564915468438,tournament_sel,vrp_xo(single_point_xo),swap_mutation;;;;;;
0,21,17,529.927081332176,tournament_sel,vrp_xo(single_point_xo),swap_mutation;;;;;;
0,22,17,531.5656225296692,tournament_sel,vrp_xo(single_point_xo),swap_mutation;;;;;;
0,23,17,529.927081332176,tournament_sel,vrp_xo(single_point_xo),swap_mutation;;;;;;
0,24,17,529.927081332176,tournament_sel,vrp_xo(single_point_xo),swap_mutation;;;;;;
0,25,17,512.1565844479683,tournament_sel,vrp_xo(single_point_xo),swap_mutation;;;;;;
0,26,17,511.49314192864665,tournament_sel,vrp_xo(single_point_xo),swap_mutation;;;;;;
0,27,17,511.49314192864665,tournament_sel,vrp_xo(single_point_xo),swap_mutation;;;;;;
0,28,17,342.2190419286466,tournament_sel,vrp_xo(single_point_xo),swap_mutation;;;;;;
0,29,17,501.02865885197417,tournament_sel,vrp_xo(single_point_xo),swap_mutation;;;;;;
0,30,17,498.3318421433906,tournament_sel,vrp_xo(single_point_xo),swap_mutation;;;;;;
0,31,17,501.02865885197417,tournament_sel,vrp_xo(single_point_xo),swap_mutation;;;;;;
0,32,17,501.02865885197417,tournament_sel,vrp_xo(single_point_xo),swap_mutation;;;;;;
0,33,17,500.3005609545195,tournament_sel,vrp_xo(single_point_xo),swap_mutation;;;;;;
0,34,17,331.41240883266136,tournament_sel,vrp_xo(single_point_xo),swap_mutation;;;;;;
0,35,17,493.03743436278376,tournament_sel,vrp_xo(single_point_xo),swap_mutation;;;;;;
0,36,17,482.2935939665756,tournament_sel,vrp_xo(single_point_xo),swap_mutation;;;;;;
0,37,17,315.68587281508985,tournament_sel,vrp_xo(single_point_xo),swap_mutation;;;;;;
0,38,17,484.95997281508994,tournament_sel,vrp_xo(single_point_xo),swap_mutation;;;;;;
0,39,17,482.5003894435561,tournament_sel,vrp_xo(single_point_xo),swap_mutation;;;;;;
0,40,17,477.0775948348018,tournament_sel,vrp_xo(single_point_xo),swap_mutation;;;;;;
0,41,17,470.5264809894923,tournament_sel,vrp_xo(single_point_xo),swap_mutation;;;;;;
0,42,17,470.5264809894923,tournament_sel,vrp_xo(single_point_xo),swap_mutation;;;;;;
0,43,17,307.3451397814476,tournament_sel,vrp_xo(single_point_xo),swap_mutation;;;;;;
0,44,17,456.72044603261753,tournament_sel,vrp_xo(single_point_xo),swap_mutation;;;;;;
0,45,17,456.72044603261753,tournament_sel,vrp_xo(single_point_xo),swap_mutation;;;;;;
0,46,17,287.4463460326176,tournament_sel,vrp_xo(single_point_xo),swap_mutation;;;;;;
0,47,17,456.0553562588892,tournament_sel,vrp_xo(single_point_xo),swap_mutation;;;;;;
0,48,17,456.0553562588892,tournament_sel,vrp_xo(single_point_xo),swap_mutation;;;;;;
0,49,17,448.3358833844749,tournament_sel,vrp_xo(single_point_xo),swap_mutation;;;;;;
0,50,17,444.3265357503048,tournament_sel,vrp_xo(single_point_xo),swap_mutation;;;;;;
1,1,33,521.4682829308491,tournament_sel,vrp_xo(single_point_xo),swap_mutation;;;;;;
1,2,34,469.14037712192373,tournament_sel,vrp_xo(single_point_xo),swap_mutation;;;;;;
1,3,29,410.2453654790119,tournament_sel,vrp_xo(single_point_xo),swap_mutation;;;;;;
1,4,25,450.6338320241689,tournament_sel,vrp_xo(single_point_xo),swap_mutation;;;;;;
1,5,27,470.34691199658363,tournament_sel,vrp_xo(single_point_xo),swap_mutation;;;;;;
1,6,25,581.1920268633762,tournament_sel,vrp_xo(single_point_xo),swap_mutation;;;;;;
1,7,23,578.6456493506842,tournament_sel,vrp_xo(single_point_xo),swap_mutation;;;;;;
1,8,24,419.4495653037168,tournament_sel,vrp_xo(single_point_xo),swap_mutation;;;;;;
1,9,23,580.1951909918846,tournament_sel,vrp_xo(single_point_xo),swap_mutation;;;;;;
1,10,23,582.0331016307507,tournament_sel,vrp_xo(single_point_xo),swap_mutation;;;;;;
1,11,23,367.0313249369722,tournament_sel,vrp_xo(single_point_xo),swap_mutation;;;;;;
1,12,23,363.287647098603,tournament_sel,vrp_xo(single_point_xo),swap_mutation;;;;;;
1,13,23,574.9764711633313,tournament_sel,vrp_xo(single_point_xo),swap_mutation;;;;;;
1,14,25,390.7993779053869,tournament_sel,vrp_xo(single_point_xo),swap_mutation;;;;;;
1,15,24,395.291522952357,tournament_sel,vrp_xo(single_point_xo),swap_mutation;;;;;;
1,16,22,334.7588665806278,tournament_sel,vrp_xo(single_point_xo),swap_mutation;;;;;;
1,17,21,530.8534136813357,tournament_sel,vrp_xo(single_point_xo),swap_mutation;;;;;;
1,18,21,530.8534136813357,tournament_sel,vrp_xo(single_point_xo),swap_mutation;;;;;;
1,19,21,509.3205912545314,tournament_sel,vrp_xo(single_point_xo),swap_mutation;;;;;;
1,20,21,509.3205912545314,tournament_sel,vrp_xo(single_point_xo),swap_mutation;;;;;;
1,21,21,509.3205912545314,tournament_sel,vrp_xo(single_point_xo),swap_mutation;;;;;;
1,22,21,509.3205912545314,tournament_sel,vrp_xo(single_point_xo),swap_mutation;;;;;;
1,23,21,509.3205912545314,tournament_sel,vrp_xo(single_point_xo),swap_mutation;;;;;;
1,24,21,509.3205912545314,tournament_sel,vrp_xo(single_point_xo),swap_mutation;;;;;;
1,25,21,509.3205912545314,tournament_sel,vrp_xo(single_point_xo),swap_mutation;;;;;;
1,26,21,502.7202912545314,tournament_sel,vrp_xo(single_point_xo),swap_mutation;;;;;;
1,27,21,502.7202912545314,tournament_sel,vrp_xo(single_point_xo),swap_mutation;;;;;;
1,28,21,509.3205912545314,tournament_sel,vrp_xo(single_point_xo),swap_mutation;;;;;;
1,29,21,509.3205912545314,tournament_sel,vrp_xo(single_point_xo),swap_mutation;;;;;;
1,30,21,507.7319468368642,tournament_sel,vrp_xo(single_point_xo),swap_mutation;;;;;;
1,31,21,502.7202912545314,tournament_sel,vrp_xo(single_point_xo),swap_mutation;;;;;;
1,32,21,498.1217628613043,tournament_sel,vrp_xo(single_point_xo),swap_mutation;;;;;;
1,33,21,501.4583860712387,tournament_sel,vrp_xo(single_point_xo),swap_mutation;;;;;;
1,34,21,501.4583860712387,tournament_sel,vrp_xo(single_point_xo),swap_mutation;;;;;;
1,35,21,495.7615093115767,tournament_sel,vrp_xo(single_point_xo),swap_mutation;;;;;;
1,36,21,501.4583860712387,tournament_sel,vrp_xo(single_point_xo),swap_mutation;;;;;;
1,37,21,501.4583860712387,tournament_sel,vrp_xo(single_point_xo),swap_mutation;;;;;;
1,38,21,501.4583860712387,tournament_sel,vrp_xo(single_point_xo),swap_mutation;;;;;;
1,39,21,498.49819270124186,tournament_sel,vrp_xo(single_point_xo),swap_mutation;;;;;;
1,40,21,494.3273177809238,tournament_sel,vrp_xo(single_point_xo),swap_mutation;;;;;;
1,41,21,317.7138237301576,tournament_sel,vrp_xo(single_point_xo),swap_mutation;;;;;;
1,42,21,487.8003563391803,tournament_sel,vrp_xo(single_point_xo),swap_mutation;;;;;;
1,43,21,482.8434479763293,tournament_sel,vrp_xo(single_point_xo),swap_mutation;;;;;;
1,44,21,482.8434479763293,tournament_sel,vrp_xo(single_point_xo),swap_mutation;;;;;;
1,45,21,304.0557939980993,tournament_sel,vrp_xo(single_point_xo),swap_mutation;;;;;;
1,46,21,482.8434479763293,tournament_sel,vrp_xo(single_point_xo),swap_mutation;;;;;;
1,47,21,479.3664726518543,tournament_sel,vrp_xo(single_point_xo),swap_mutation;;;;;;
1,48,21,473.7149111507311,tournament_sel,vrp_xo(single_point_xo),swap_mutation;;;;;;
1,49,21,469.6026207102699,tournament_sel,vrp_xo(single_point_xo),swap_mutation;;;;;;
1,50,21,469.5825765273595,tournament_sel,vrp_xo(single_point_xo),swap_mutation;;;;;;
0,1,33,367.64069198824836,tournament_sel,vrp_xo(single_point_xo),inversion_mutation;;;;;;
0,2,33,531.755182569263,tournament_sel,vrp_xo(single_point_xo),inversion_mutation;;;;;;
0,3,32,671.477320890773,tournament_sel,vrp_xo(single_point_xo),inversion_mutation;;;;;;
0,4,27,640.2430226226161,tournament_sel,vrp_xo(single_point_xo),inversion_mutation;;;;;;
0,5,29,624.7601228581022,tournament_sel,vrp_xo(single_point_xo),inversion_mutation;;;;;;
0,6,28,591.6289184080375,tournament_sel,vrp_xo(single_point_xo),inversion_mutation;;;;;;
0,7,28,595.9517295451216,tournament_sel,vrp_xo(single_point_xo),inversion_mutation;;;;;;
0,8,27,575.0468530911093,tournament_sel,vrp_xo(single_point_xo),inversion_mutation;;;;;;
0,9,27,580.6546710393236,tournament_sel,vrp_xo(single_point_xo),inversion_mutation;;;;;;
0,10,26,551.2253220108202,tournament_sel,vrp_xo(single_point_xo),inversion_mutation;;;;;;
0,11,26,551.2253220108202,tournament_sel,vrp_xo(single_point_xo),inversion_mutation;;;;;;
0,12,26,551.2253220108202,tournament_sel,vrp_xo(single_point_xo),inversion_mutation;;;;;;
0,13,26,551.2253220108202,tournament_sel,vrp_xo(single_point_xo),inversion_mutation;;;;;;
0,14,26,551.2253220108202,tournament_sel,vrp_xo(single_point_xo),inversion_mutation;;;;;;
0,15,26,551.2253220108202,tournament_sel,vrp_xo(single_point_xo),inversion_mutation;;;;;;
0,16,26,551.2253220108202,tournament_sel,vrp_xo(single_point_xo),inversion_mutation;;;;;;
0,17,26,551.2253220108202,tournament_sel,vrp_xo(single_point_xo),inversion_mutation;;;;;;
0,18,26,551.2253220108202,tournament_sel,vrp_xo(single_point_xo),inversion_mutation;;;;;;
0,19,26,549.2522504466119,tournament_sel,vrp_xo(single_point_xo),inversion_mutation;;;;;;
0,20,26,549.2522504466119,tournament_sel,vrp_xo(single_point_xo),inversion_mutation;;;;;;
0,21,26,549.2522504466119,tournament_sel,vrp_xo(single_point_xo),inversion_mutation;;;;;;
0,22,26,549.2522504466119,tournament_sel,vrp_xo(single_point_xo),inversion_mutation;;;;;;
0,23,26,548.3713002514968,tournament_sel,vrp_xo(single_point_xo),inversion_mutation;;;;;;
0,24,26,549.2522504466119,tournament_sel,vrp_xo(single_point_xo),inversion_mutation;;;;;;
0,25,26,549.1961280915195,tournament_sel,vrp_xo(single_point_xo),inversion_mutation;;;;;;
0,26,26,549.2522504466119,tournament_sel,vrp_xo(single_point_xo),inversion_mutation;;;;;;
0,27,26,549.2522504466119,tournament_sel,vrp_xo(single_point_xo),inversion_mutation;;;;;;
0,28,26,549.2522504466119,tournament_sel,vrp_xo(single_point_xo),inversion_mutation;;;;;;
0,29,26,549.2522504466119,tournament_sel,vrp_xo(single_point_xo),inversion_mutation;;;;;;
0,30,26,549.2522504466119,tournament_sel,vrp_xo(single_point_xo),inversion_mutation;;;;;;
0,31,26,549.2522504466119,tournament_sel,vrp_xo(single_point_xo),inversion_mutation;;;;;;
0,32,26,549.2522504466119,tournament_sel,vrp_xo(single_point_xo),inversion_mutation;;;;;;
0,33,26,549.2522504466119,tournament_sel,vrp_xo(single_point_xo),inversion_mutation;;;;;;
0,34,26,549.2304666837873,tournament_sel,vrp_xo(single_point_xo),inversion_mutation;;;;;;
0,35,26,549.2304666837873,tournament_sel,vrp_xo(single_point_xo),inversion_mutation;;;;;;
0,36,26,549.2304666837873,tournament_sel,vrp_xo(single_point_xo),inversion_mutation;;;;;;
0,37,26,549.2522504466119,tournament_sel,vrp_xo(single_point_xo),inversion_mutation;;;;;;
0,38,26,549.2522504466119,tournament_sel,vrp_xo(single_point_xo),inversion_mutation;;;;;;
0,39,26,549.2522504466119,tournament_sel,vrp_xo(single_point_xo),inversion_mutation;;;;;;
0,40,26,542.508138147632,tournament_sel,vrp_xo(single_point_xo),inversion_mutation;;;;;;
0,41,26,541.6190968915431,tournament_sel,vrp_xo(single_point_xo),inversion_mutation;;;;;;
0,42,26,541.6190968915431,tournament_sel,vrp_xo(single_point_xo),inversion_mutation;;;;;;
0,43,26,541.6190968915431,tournament_sel,vrp_xo(single_point_xo),inversion_mutation;;;;;;
0,44,26,541.6190968915431,tournament_sel,vrp_xo(single_point_xo),inversion_mutation;;;;;;
0,45,26,541.6190968915431,tournament_sel,vrp_xo(single_point_xo),inversion_mutation;;;;;;
0,46,26,541.6190968915431,tournament_sel,vrp_xo(single_point_xo),inversion_mutation;;;;;;
0,47,26,538.2510865594086,tournament_sel,vrp_xo(single_point_xo),inversion_mutation;;;;;;
0,48,26,540.4210888893798,tournament_sel,vrp_xo(single_point_xo),inversion_mutation;;;;;;
0,49,26,540.8605197314989,tournament_sel,vrp_xo(single_point_xo),inversion_mutation;;;;;;
0,50,26,540.8605197314989,tournament_sel,vrp_xo(single_point_xo),inversion_mutation;;;;;;
1,1,30,661.972752636418,tournament_sel,vrp_xo(single_point_xo),inversion_mutation;;;;;;
1,2,30,661.972752636418,tournament_sel,vrp_xo(single_point_xo),inversion_mutation;;;;;;
1,3,30,661.972752636418,tournament_sel,vrp_xo(single_point_xo),inversion_mutation;;;;;;
1,4,30,661.972752636418,tournament_sel,vrp_xo(single_point_xo),inversion_mutation;;;;;;
1,5,28,623.8528711890287,tournament_sel,vrp_xo(single_point_xo),inversion_mutation;;;;;;
1,6,27,591.7167812900602,tournament_sel,vrp_xo(single_point_xo),inversion_mutation;;;;;;
1,7,29,593.5352999736357,tournament_sel,vrp_xo(single_point_xo),inversion_mutation;;;;;;
1,8,27,589.4337586202873,tournament_sel,vrp_xo(single_point_xo),inversion_mutation;;;;;;
1,9,29,578.3228716133274,tournament_sel,vrp_xo(single_point_xo),inversion_mutation;;;;;;
1,10,27,579.8763347745698,tournament_sel,vrp_xo(single_point_xo),inversion_mutation;;;;;;
1,11,28,569.2718322719677,tournament_sel,vrp_xo(single_point_xo),inversion_mutation;;;;;;
1,12,27,578.0101273765838,tournament_sel,vrp_xo(single_point_xo),inversion_mutation;;;;;;
1,13,27,579.8763347745698,tournament_sel,vrp_xo(single_point_xo),inversion_mutation;;;;;;
1,14,27,579.8763347745698,tournament_sel,vrp_xo(single_point_xo),inversion_mutation;;;;;;
1,15,27,579.8763347745698,tournament_sel,vrp_xo(single_point_xo),inversion_mutation;;;;;;
1,16,27,575.9730287334903,tournament_sel,vrp_xo(single_point_xo),inversion_mutation;;;;;;
1,17,27,575.9730287334903,tournament_sel,vrp_xo(single_point_xo),inversion_mutation;;;;;;
1,18,27,575.69699266603,tournament_sel,vrp_xo(single_point_xo),inversion_mutation;;;;;;
1,19,27,575.69699266603,tournament_sel,vrp_xo(single_point_xo),inversion_mutation;;;;;;
1,20,27,575.69699266603,tournament_sel,vrp_xo(single_point_xo),inversion_mutation;;;;;;
1,21,27,574.8685876752174,tournament_sel,vrp_xo(single_point_xo),inversion_mutation;;;;;;
1,22,27,571.1996792533622,tournament_sel,vrp_xo(single_point_xo),inversion_mutation;;;;;;
1,23,27,564.0014447608564,tournament_sel,vrp_xo(single_point_xo),inversion_mutation;;;;;;
1,24,27,564.0014447608564,tournament_sel,vrp_xo(single_point_xo),inversion_mutation;;;;;;
1,25,27,559.5041313481887,tournament_sel,vrp_xo(single_point_xo),inversion_mutation;;;;;;
1,26,27,559.5041313481887,tournament_sel,vrp_xo(single_point_xo),inversion_mutation;;;;;;
1,27,27,559.5041313481887,tournament_sel,vrp_xo(single_point_xo),inversion_mutation;;;;;;
1,28,27,557.7541565288594,tournament_sel,vrp_xo(single_point_xo),inversion_mutation;;;;;;
1,29,27,557.7541565288594,tournament_sel,vrp_xo(single_point_xo),inversion_mutation;;;;;;
1,30,27,557.7541565288594,tournament_sel,vrp_xo(single_point_xo),inversion_mutation;;;;;;
1,31,27,554.8591970935148,tournament_sel,vrp_xo(single_point_xo),inversion_mutation;;;;;;
1,32,27,554.8591970935148,tournament_sel,vrp_xo(single_point_xo),inversion_mutation;;;;;;
1,33,27,557.7541565288594,tournament_sel,vrp_xo(single_point_xo),inversion_mutation;;;;;;
1,34,27,557.7541565288594,tournament_sel,vrp_xo(single_point_xo),inversion_mutation;;;;;;
1,35,27,545.061957933059,tournament_sel,vrp_xo(single_point_xo),inversion_mutation;;;;;;
1,36,27,557.06711145284,tournament_sel,vrp_xo(single_point_xo),inversion_mutation;;;;;;
1,37,27,551.9464968267617,tournament_sel,vrp_xo(single_point_xo),inversion_mutation;;;;;;
1,38,27,557.010040309215,tournament_sel,vrp_xo(single_point_xo),inversion_mutation;;;;;;
1,39,27,557.010040309215,tournament_sel,vrp_xo(single_point_xo),inversion_mutation;;;;;;
1,40,27,557.010040309215,tournament_sel,vrp_xo(single_point_xo),inversion_mutation;;;;;;
1,41,27,556.3229952331956,tournament_sel,vrp_xo(single_point_xo),inversion_mutation;;;;;;
1,42,27,557.010040309215,tournament_sel,vrp_xo(single_point_xo),inversion_mutation;;;;;;
1,43,27,557.010040309215,tournament_sel,vrp_xo(single_point_xo),inversion_mutation;;;;;;
1,44,27,556.9844969963831,tournament_sel,vrp_xo(single_point_xo),inversion_mutation;;;;;;
1,45,27,551.7724508508982,tournament_sel,vrp_xo(single_point_xo),inversion_mutation;;;;;;
1,46,27,552.5722886779695,tournament_sel,vrp_xo(single_point_xo),inversion_mutation;;;;;;
1,47,27,552.5722886779695,tournament_sel,vrp_xo(single_point_xo),inversion_mutation;;;;;;
1,48,27,545.607266702444,tournament_sel,vrp_xo(single_point_xo),inversion_mutation;;;;;;
1,49,27,541.5401278359769,tournament_sel,vrp_xo(single_point_xo),inversion_mutation;;;;;;
1,50,27,539.6112053505576,tournament_sel,vrp_xo(single_point_xo),inversion_mutation;;;;;;
